filedFor,ticker,value,industry
2013-06-30,AXP,11334417000,Financial Services
2013-06-30,BK,691264000,Financial Services
2013-06-30,CBI,569798000,Unknown
2013-06-30,COP,1459497000,Energy
2013-06-30,COST,479140000,Consumer Defensive
2013-06-30,DE,323275000,Industrials
2013-06-30,DISH,23272000,Unknown
2013-06-30,DTV1,2297655000,Unknown
2013-06-30,DVA,1808848000,Healthcare
2013-06-30,FWONA,712688000,Communication Services
2013-06-30,GE,13657000,Industrials
2013-06-30,GHC,835840000,Consumer Defensive
2013-06-30,GL,275921000,Financial Services
2013-06-30,GM,1332400000,Consumer Cyclical
2013-06-30,IBM,13018792000,Technology
2013-06-30,JNJ,28085000,Healthcare
2013-06-30,KO,16044001000,Consumer Defensive
2013-06-30,KRFT,10764000,Unknown
2013-06-30,LEE,181000,Communication Services
2013-06-30,MA,232673000,Financial Services
2013-06-30,MCO,1518508000,Financial Services
2013-06-30,MDLZ,16490000,Consumer Defensive
2013-06-30,MEG1,51248000,Unknown
2013-06-30,MTB,601444000,Financial Services
2013-06-30,NOV,611832000,Energy
2013-06-30,PCP,446898000,Unknown
2013-06-30,PG,4064539000,Consumer Defensive
2013-06-30,PSX,1600226000,Energy
2013-06-30,STRZA,124254000,Unknown
2013-06-30,UPS,5137000,Industrials
2013-06-30,USB,2829725000,Financial Services
2013-06-30,USG,393514000,Unknown
2013-06-30,V,284260000,Financial Services
2013-06-30,VIAB,517518000,Unknown
2013-06-30,VRSK,93337000,Industrials
2013-06-30,VRSN,486679000,Technology
2013-06-30,WBC,304461000,Unknown
2013-06-30,WFC,19113442000,Financial Services
2013-06-30,WMT,3668426000,Consumer Defensive
2013-06-30,XOM,2822906,Energy
2013-09-30,AXP,11449640000,Financial Services
2013-09-30,BK,744269000,Financial Services
2013-09-30,CBI,647254000,Unknown
2013-09-30,COP,940419000,Energy
2013-09-30,COST,499073000,Consumer Defensive
2013-09-30,DE,323832000,Industrials
2013-09-30,DISH,24635000,Unknown
2013-09-30,DTV1,2182848000,Unknown
2013-09-30,DVA,1789325000,Healthcare
2013-09-30,FWONA,827327000,Communication Services
2013-09-30,GE,14069000,Industrials
2013-09-30,GHC,1056270000,Consumer Defensive
2013-09-30,GL,306461000,Financial Services
2013-09-30,GM,1438800000,Consumer Cyclical
2013-09-30,IBM,12614828000,Technology
2013-09-30,JNJ,28356000,Healthcare
2013-09-30,KO,15152001000,Consumer Defensive
2013-09-30,KRFT,10111000,Unknown
2013-09-30,LEE,235000,Communication Services
2013-09-30,MA,272476000,Financial Services
2013-09-30,MCO,1752777000,Financial Services
2013-09-30,MDLZ,18161000,Consumer Defensive
2013-09-30,MEG1,66255000,Unknown
2013-09-30,MTB,602358000,Financial Services
2013-09-30,NOV,693617000,Energy
2013-09-30,PCP,449330000,Unknown
2013-09-30,PG,3990629000,Consumer Defensive
2013-09-30,PSX,1570618000,Energy
2013-09-30,STRZA,158156000,Unknown
2013-09-30,UPS,5427000,Industrials
2013-09-30,USB,2894119000,Financial Services
2013-09-30,USG,487923000,Unknown
2013-09-30,V,297248000,Financial Services
2013-09-30,VIAB,635809000,Unknown
2013-09-30,VRSK,101561000,Industrials
2013-09-30,VRSN,557832000,Technology
2013-09-30,WBC,343471000,Unknown
2013-09-30,WFC,19136598000,Financial Services
2013-09-30,WMT,3642325000,Consumer Defensive
2013-09-30,XOM,3449290000,Energy
2013-12-31,AXP,13755639000,Financial Services
2013-12-31,BK,861370000,Financial Services
2013-12-31,CBI,794050000,Unknown
2013-12-31,COP,782799000,Energy
2013-12-31,COST,515757000,Consumer Defensive
2013-12-31,DE,363381000,Industrials
2013-12-31,DTV1,2521705000,Unknown
2013-12-31,DVA,2310552000,Healthcare
2013-12-31,FWONA,775347000,Communication Services
2013-12-31,GE,296712000,Industrials
2013-12-31,GHC,1146062000,Consumer Defensive
2013-12-31,GL,331029000,Financial Services
2013-12-31,GM,1634800000,Consumer Cyclical
2013-12-31,GS,2239065000,Financial Services
2013-12-31,IBM,12777641000,Technology
2013-12-31,JNJ,29959000,Healthcare
2013-12-31,KO,16524000000,Consumer Defensive
2013-12-31,KRFT,10387000,Unknown
2013-12-31,LBTYA,262397000,Communication Services
2013-12-31,LEE,308000,Communication Services
2013-12-31,MA,338361000,Financial Services
2013-12-31,MCO,1935837000,Financial Services
2013-12-31,MDLZ,20403000,Consumer Defensive
2013-12-31,MEG1,105005000,Unknown
2013-12-31,MTB,626576000,Financial Services
2013-12-31,NOV,706226000,Energy
2013-12-31,PCP,532496000,Unknown
2013-12-31,PG,4297885000,Consumer Defensive
2013-12-31,PSX,2095153000,Energy
2013-12-31,STRZA,132804000,Unknown
2013-12-31,UPS,6242000,Industrials
2013-12-31,USB,3204565000,Financial Services
2013-12-31,USG,990184000,Unknown
2013-12-31,V,346370000,Financial Services
2013-12-31,VIAB,664412000,Unknown
2013-12-31,VRSK,102749000,Industrials
2013-12-31,VRSN,655280000,Technology
2013-12-31,WBC,380770000,Unknown
2013-12-31,WFC,21040998000,Financial Services
2013-12-31,WMT,3893875000,Consumer Defensive
2013-12-31,XOM,4162320000,Energy
2014-03-31,AXP,13649511000,Financial Services
2014-03-31,BK,869997000,Financial Services
2014-03-31,CBI,832348000,Unknown
2014-03-31,COP,779475000,Energy
2014-03-31,COST,483950000,Consumer Defensive
2014-03-31,DE,361272000,Industrials
2014-03-31,DTV1,2637614000,Unknown
2014-03-31,DVA,2590216000,Healthcare
2014-03-31,FWONA,692869000,Communication Services
2014-03-31,GE,274059000,Industrials
2014-03-31,GHC,1215915000,Consumer Defensive
2014-03-31,GL,333359000,Financial Services
2014-03-31,GM,1032600000,Consumer Cyclical
2014-03-31,GS,2069676000,Financial Services
2014-03-31,IBM,13157670000,Technology
2014-03-31,JNJ,32131000,Healthcare
2014-03-31,KO,15464001000,Consumer Defensive
2014-03-31,KRFT,10809000,Unknown
2014-03-31,LBTYA,305634000,Communication Services
2014-03-31,LBTYK,299095000,Communication Services
2014-03-31,LEE,397000,Communication Services
2014-03-31,MA,302535000,Financial Services
2014-03-31,MCO,1956807000,Financial Services
2014-03-31,MDLZ,19970000,Consumer Defensive
2014-03-31,MEG1,85351000,Unknown
2014-03-31,MTB,652842000,Financial Services
2014-03-31,NOV,691486000,Energy
2014-03-31,PCP,499792000,Unknown
2014-03-31,PG,4255122000,Consumer Defensive
2014-03-31,PSX,750664000,Energy
2014-03-31,STRZA,61963000,Unknown
2014-03-31,UPS,5784000,Industrials
2014-03-31,USB,3429944000,Financial Services
2014-03-31,USG,1141607000,Unknown
2014-03-31,V,335761000,Financial Services
2014-03-31,VIAB,646535000,Unknown
2014-03-31,VRSK,93744000,Industrials
2014-03-31,VRSN,629974000,Technology
2014-03-31,VZ,524352000,Communication Services
2014-03-31,WBC,430297000,Unknown
2014-03-31,WFC,23052408000,Financial Services
2014-03-31,WMT,4436946000,Consumer Defensive
2014-03-31,XOM,4017544000,Energy
2014-06-30,AXP,14383308000,Financial Services
2014-06-30,BK,923989000,Financial Services
2014-06-30,CBI,729816000,Unknown
2014-06-30,CHTR,365701000,Communication Services
2014-06-30,COP,116184000,Energy
2014-06-30,COST,499030000,Consumer Defensive
2014-06-30,DE,360277000,Industrials
2014-06-30,DNOW,66104000,Industrials
2014-06-30,DTV1,1995014000,Unknown
2014-06-30,DVA,2720762000,Healthcare
2014-06-30,FWONA,546720000,Communication Services
2014-06-30,GE,278186000,Industrials
2014-06-30,GHC,77251000,Consumer Defensive
2014-06-30,GL,346998000,Financial Services
2014-06-30,GM,1196451000,Consumer Cyclical
2014-06-30,GS,2115024000,Financial Services
2014-06-30,IBM,12720437000,Technology
2014-06-30,JNJ,34221000,Healthcare
2014-06-30,KO,16944000000,Consumer Defensive
2014-06-30,KRFT,11550000,Unknown
2014-06-30,LBTYA,436299000,Communication Services
2014-06-30,LBTYK,310850000,Communication Services
2014-06-30,LEE,395000,Communication Services
2014-06-30,MA,297554000,Financial Services
2014-06-30,MCO,2162553000,Financial Services
2014-06-30,MDLZ,21739000,Consumer Defensive
2014-06-30,MEG1,95387000,Unknown
2014-06-30,MTB,667642000,Financial Services
2014-06-30,NOV,601342000,Energy
2014-06-30,PCP,473659000,Unknown
2014-06-30,PG,4149008000,Consumer Defensive
2014-06-30,PSX,522457000,Energy
2014-06-30,UPS,6098000,Industrials
2014-06-30,USB,3469692000,Financial Services
2014-06-30,USG,1175131000,Unknown
2014-06-30,V,379225000,Financial Services
2014-06-30,VIAB,659772000,Unknown
2014-06-30,VRSK,93837000,Industrials
2014-06-30,VRSN,633798000,Technology
2014-06-30,VZ,733996000,Communication Services
2014-06-30,WBC,435433000,Unknown
2014-06-30,WFC,24359359000,Financial Services
2014-06-30,WMT,4413910000,Consumer Defensive
2014-06-30,XOM,4140932000,Energy
2014-09-30,AXP,13272002000,Financial Services
2014-09-30,BK,905413000,Financial Services
2014-09-30,CBI,619059000,Unknown
2014-09-30,CHTR,749296000,Communication Services
2014-09-30,COP,36117000,Energy
2014-09-30,COST,543057000,Consumer Defensive
2014-09-30,DE,620451,Industrials
2014-09-30,DNOW,55515000,Industrials
2014-09-30,DTV1,2595600000,Unknown
2014-09-30,DVA,2751611000,Healthcare
2014-09-30,ESRX,31747000,Unknown
2014-09-30,FWONA,188720000,Communication Services
2014-09-30,FWONK,375920000,Communication Services
2014-09-30,GE,271200000,Industrials
2014-09-30,GHC,75259000,Consumer Defensive
2014-09-30,GL,332745000,Financial Services
2014-09-30,GM,1277600000,Consumer Cyclical
2014-09-30,GS,2318769000,Financial Services
2014-09-30,IBM,13378840000,Technology
2014-09-30,JNJ,34866000,Healthcare
2014-09-30,KO,17064001000,Consumer Defensive
2014-09-30,KRFT,10866000,Unknown
2014-09-30,LBTYA,442459000,Communication Services
2014-09-30,LBTYK,301336000,Communication Services
2014-09-30,LEE,300000,Communication Services
2014-09-30,MA,348562000,Financial Services
2014-09-30,MCO,2331294000,Financial Services
2014-09-30,MDLZ,19805000,Consumer Defensive
2014-09-30,MEG1,60912000,Unknown
2014-09-30,MTB,663552000,Financial Services
2014-09-30,NOV,485698000,Energy
2014-09-30,PCP,493237000,Unknown
2014-09-30,PG,4420893000,Consumer Defensive
2014-09-30,PSX,504317000,Energy
2014-09-30,UPS,5838000,Industrials
2014-09-30,USB,3350353000,Financial Services
2014-09-30,USG,1072166000,Unknown
2014-09-30,V,457954000,Financial Services
2014-09-30,VIAB,593069000,Unknown
2014-09-30,VRSK,95197000,Industrials
2014-09-30,VRSN,715733000,Technology
2014-09-30,VZ,749897000,Communication Services
2014-09-30,WBC,370742000,Unknown
2014-09-30,WFC,24039574000,Financial Services
2014-09-30,WMT,4617663000,Consumer Defensive
2014-09-30,XOM,3868243000,Energy
2014-12-31,AXP,14105859000,Financial Services
2014-12-31,BK,893050000,Financial Services
2014-12-31,CBI,449233000,Unknown
2014-12-31,CHTR,1032751000,Communication Services
2014-12-31,COST,614254000,Consumer Defensive
2014-12-31,DE,1512562000,Industrials
2014-12-31,DNOW,46972000,Industrials
2014-12-31,DTV1,2718346000,Unknown
2014-12-31,DVA,2920956000,Healthcare
2014-12-31,FWONA,141080000,Communication Services
2014-12-31,FWONK,280240000,Communication Services
2014-12-31,GE,267496000,Industrials
2014-12-31,GHC,92914000,Consumer Defensive
2014-12-31,GL,344181000,Financial Services
2014-12-31,GM,1431311000,Consumer Cyclical
2014-12-31,GS,2448370000,Financial Services
2014-12-31,IBM,12349358000,Technology
2014-12-31,JNJ,34205000,Healthcare
2014-12-31,KO,16887999000,Consumer Defensive
2014-12-31,KRFT,12072000,Unknown
2014-12-31,LBTYA,543034000,Communication Services
2014-12-31,LBTYK,354932000,Communication Services
2014-12-31,LEE,327000,Communication Services
2014-12-31,MA,465243000,Financial Services
2014-12-31,MCO,2363611000,Financial Services
2014-12-31,MDLZ,20996000,Consumer Defensive
2014-12-31,MEG1,77731000,Unknown
2014-12-31,MTB,676093000,Financial Services
2014-12-31,NOV,344582000,Energy
2014-12-31,PCP,687396000,Unknown
2014-12-31,PG,4808922000,Consumer Defensive
2014-12-31,PSX,470897000,Energy
2014-12-31,QSR,329428000,Consumer Cyclical
2014-12-31,TFCFA,182324000,Unknown
2014-12-31,UPS,6603000,Industrials
2014-12-31,USB,3600249000,Financial Services
2014-12-31,USG,1091666000,Unknown
2014-12-31,V,657936000,Financial Services
2014-12-31,VIAB,649723000,Unknown
2014-12-31,VRSK,100138000,Industrials
2014-12-31,VRSN,740145000,Technology
2014-12-31,VZ,701743000,Communication Services
2014-12-31,WBC,427117000,Unknown
2014-12-31,WFC,25406775000,Financial Services
2014-12-31,WMT,5185887000,Consumer Defensive
2015-03-31,AXP,11843828000,Financial Services
2015-03-31,BK,832180000,Financial Services
2015-03-31,CBI,527137000,Unknown
2015-03-31,CHTR,1154631000,Communication Services
2015-03-31,COST,656483000,Consumer Defensive
2015-03-31,DE,1517922000,Industrials
2015-03-31,DNOW,39506000,Industrials
2015-03-31,DTV1,2668181000,Unknown
2015-03-31,DVA,3134610000,Healthcare
2015-03-31,FWONA,154200000,Communication Services
2015-03-31,FWONK,305600000,Communication Services
2015-03-31,GE,262628000,Industrials
2015-03-31,GHC,112914000,Consumer Defensive
2015-03-31,GL,348947000,Financial Services
2015-03-31,GM,1537501000,Consumer Cyclical
2015-03-31,GS,2374349000,Financial Services
2015-03-31,IBM,12770201000,Technology
2015-03-31,JNJ,32906000,Healthcare
2015-03-31,KO,16220000000,Consumer Defensive
2015-03-31,KRFT,16784000,Unknown
2015-03-31,LBTYA,532344000,Communication Services
2015-03-31,LBTYK,365952000,Communication Services
2015-03-31,LEE,282000,Communication Services
2015-03-31,MA,451799000,Financial Services
2015-03-31,MCO,2560723000,Financial Services
2015-03-31,MDLZ,20860000,Consumer Defensive
2015-03-31,MEG1,76616000,Unknown
2015-03-31,MTB,683519000,Financial Services
2015-03-31,NOV,98925000,Energy
2015-03-31,PCP,882166000,Unknown
2015-03-31,PG,4325865000,Consumer Defensive
2015-03-31,PSX,589457000,Energy
2015-03-31,QSR,324112000,Consumer Cyclical
2015-03-31,TFCFA,210759000,Unknown
2015-03-31,UPS,5758000,Industrials
2015-03-31,USB,3658385000,Financial Services
2015-03-31,USG,1041354000,Unknown
2015-03-31,V,646588000,Financial Services
2015-03-31,VIAB,564505000,Unknown
2015-03-31,VRSK,111629000,Industrials
2015-03-31,VRSN,869605000,Technology
2015-03-31,VZ,729495000,Communication Services
2015-03-31,WBC,474709000,Unknown
2015-03-31,WFC,25583903000,Financial Services
2015-03-31,WMT,4966691000,Consumer Defensive
2015-06-30,AXP,11783184000,Financial Services
2015-06-30,AXTA,661600000,Basic Materials
2015-06-30,BK,867957000,Financial Services
2015-06-30,CBI,466719000,Unknown
2015-06-30,CHTR,1458139000,Communication Services
2015-06-30,COST,585264000,Consumer Defensive
2015-06-30,DE,1679944000,Industrials
2015-06-30,DNOW,36348000,Industrials
2015-06-30,DTV1,2909288000,Unknown
2015-06-30,DVA,3064805000,Healthcare
2015-06-30,FWONA,144160000,Communication Services
2015-06-30,FWONK,287200000,Communication Services
2015-06-30,GE,281257000,Industrials
2015-06-30,GHC,115649000,Consumer Defensive
2015-06-30,GL,369915000,Financial Services
2015-06-30,GM,1366530000,Consumer Cyclical
2015-06-30,GS,2637337000,Financial Services
2015-06-30,IBM,12942062000,Technology
2015-06-30,JNJ,31879000,Healthcare
2015-06-30,KO,15692001000,Consumer Defensive
2015-06-30,KRFT,16404000,Unknown
2015-06-30,LBTYA,559234000,Communication Services
2015-06-30,LBTYK,371977000,Communication Services
2015-06-30,LEE,296000,Communication Services
2015-06-30,MA,488878000,Financial Services
2015-06-30,MCO,2663349000,Financial Services
2015-06-30,MDLZ,23779000,Consumer Defensive
2015-06-30,MEG1,76756000,Unknown
2015-06-30,MTB,672379000,Financial Services
2015-06-30,PCP,839612000,Unknown
2015-06-30,PG,4130531000,Consumer Defensive
2015-06-30,PSX,2392467,Energy
2015-06-30,QSR,322425000,Consumer Cyclical
2015-06-30,TFCFA,202693000,Unknown
2015-06-30,UPS,5756000,Industrials
2015-06-30,USB,3691742000,Financial Services
2015-06-30,USG,1083866000,Unknown
2015-06-30,V,663788000,Financial Services
2015-06-30,VIAB,365004000,Unknown
2015-06-30,VRSK,113755000,Industrials
2015-06-30,VRSN,801434000,Technology
2015-06-30,VZ,699193000,Communication Services
2015-06-30,WBC,467315000,Unknown
2015-06-30,WFC,26449243000,Financial Services
2015-06-30,WMT,4283129000,Consumer Defensive
2015-09-30,AXP,11238901000,Financial Services
2015-09-30,AXTA,587875000,Basic Materials
2015-09-30,BK,787393000,Financial Services
2015-09-30,CBI,78653000,Unknown
2015-09-30,CHTR,1808020000,Communication Services
2015-09-30,COST,626474000,Consumer Defensive
2015-09-30,DE,1261857000,Industrials
2015-09-30,DNOW,27018000,Industrials
2015-09-30,DVA,2789448000,Healthcare
2015-09-30,FWONA,278617000,Communication Services
2015-09-30,FWONK,530210000,Communication Services
2015-09-30,GE,266966000,Industrials
2015-09-30,GHC,62071000,Consumer Defensive
2015-09-30,GL,358350000,Financial Services
2015-09-30,GM,1501000000,Consumer Cyclical
2015-09-30,GS,1904326000,Financial Services
2015-09-30,IBM,11747419000,Technology
2015-09-30,JNJ,30535000,Healthcare
2015-09-30,KHC,22983305000,Consumer Defensive
2015-09-30,KO,16047999000,Consumer Defensive
2015-09-30,LBTYA,513446000,Communication Services
2015-09-30,LBTYK,301373000,Communication Services
2015-09-30,LEE,185000,Communication Services
2015-09-30,LILA,17422000,Communication Services
2015-09-30,LILAK,12578000,Communication Services
2015-09-30,MA,471306000,Financial Services
2015-09-30,MCO,2422572000,Financial Services
2015-09-30,MDLZ,24201000,Consumer Defensive
2015-09-30,MEG1,48564000,Unknown
2015-09-30,MTB,656340000,Financial Services
2015-09-30,PCP,964963000,Unknown
2015-09-30,PG,3797934000,Consumer Defensive
2015-09-30,PSX,4724655000,Energy
2015-09-30,QSR,303101000,Consumer Cyclical
2015-09-30,T,1932670000,Communication Services
2015-09-30,TFCFA,241522000,Unknown
2015-09-30,UPS,5862000,Industrials
2015-09-30,USB,3488441000,Financial Services
2015-09-30,USG,1038234000,Unknown
2015-09-30,V,688600000,Financial Services
2015-09-30,VRSK,115553000,Industrials
2015-09-30,VRSN,916222000,Technology
2015-09-30,VZ,652691000,Communication Services
2015-09-30,WBC,373110000,Unknown
2015-09-30,WFC,24149513000,Financial Services
2015-09-30,WMT,3643055000,Consumer Defensive
2015-12-31,AXP,10544524000,Financial Services
2015-12-31,AXTA,621585000,Basic Materials
2015-12-31,BK,829026000,Financial Services
2015-12-31,CHTR,1882561000,Communication Services
2015-12-31,COST,699838000,Consumer Defensive
2015-12-31,DE,1745375000,Industrials
2015-12-31,DNOW,28880000,Industrials
2015-12-31,DVA,2688406000,Healthcare
2015-12-31,FWONA,306150000,Communication Services
2015-12-31,FWONK,585909000,Communication Services
2015-12-31,GE,329739000,Industrials
2015-12-31,GHC,52171000,Consumer Defensive
2015-12-31,GL,363180000,Financial Services
2015-12-31,GM,1700501000,Consumer Cyclical
2015-12-31,GS,1975234000,Financial Services
2015-12-31,IBM,11151823000,Technology
2015-12-31,JNJ,33600000,Healthcare
2015-12-31,KHC,23693189000,Consumer Defensive
2015-12-31,KMI,395880000,Energy
2015-12-31,KO,17184000000,Consumer Defensive
2015-12-31,LBTYA,531377000,Communication Services
2015-12-31,LBTYK,299536000,Communication Services
2015-12-31,LEE,149000,Communication Services
2015-12-31,LILA,21394000,Communication Services
2015-12-31,LILAK,15796000,Communication Services
2015-12-31,MA,509169000,Financial Services
2015-12-31,MCO,2475366000,Financial Services
2015-12-31,MDLZ,25918000,Consumer Defensive
2015-12-31,MEG1,56062000,Unknown
2015-12-31,MTB,652195000,Financial Services
2015-12-31,PCP,974626000,Unknown
2015-12-31,PG,4192298000,Consumer Defensive
2015-12-31,PSX,5029632000,Energy
2015-12-31,QSR,315252000,Consumer Cyclical
2015-12-31,T,1602719000,Communication Services
2015-12-31,TFCFA,243133000,Unknown
2015-12-31,UPS,5716000,Industrials
2015-12-31,USB,3629646000,Financial Services
2015-12-31,USG,947359000,Unknown
2015-12-31,V,766594000,Financial Services
2015-12-31,VRSK,120197000,Industrials
2015-12-31,VRSN,1134370000,Technology
2015-12-31,VZ,693343000,Communication Services
2015-12-31,WBC,340650000,Unknown
2015-12-31,WFC,26076724000,Financial Services
2015-12-31,WMT,3444158000,Consumer Defensive
2016-03-31,AAPL,1069382000,Technology
2016-03-31,AXP,9308898000,Financial Services
2016-03-31,AXTA,681061000,Basic Materials
2016-03-31,BK,767066000,Financial Services
2016-03-31,CHTR,2090455000,Communication Services
2016-03-31,COST,682851000,Consumer Defensive
2016-03-31,DE,1792404000,Industrials
2016-03-31,DNOW,32349000,Industrials
2016-03-31,DVA,2829941000,Healthcare
2016-03-31,FWONA,386300000,Communication Services
2016-03-31,FWONK,761800000,Communication Services
2016-03-31,GE,336514000,Industrials
2016-03-31,GHC,51636000,Consumer Defensive
2016-03-31,GL,344118000,Financial Services
2016-03-31,GM,1571500000,Consumer Cyclical
2016-03-31,GS,1720425000,Financial Services
2016-03-31,IBM,12302631000,Technology
2016-03-31,JNJ,35392000,Healthcare
2016-03-31,KHC,25581871000,Consumer Defensive
2016-03-31,KMI,473889000,Energy
2016-03-31,KO,18556000000,Consumer Defensive
2016-03-31,LBTYA,599732000,Communication Services
2016-03-31,LBTYK,275952000,Communication Services
2016-03-31,LEE,160000,Communication Services
2016-03-31,LILA,18131000,Communication Services
2016-03-31,LILAK,13915000,Communication Services
2016-03-31,MA,466334000,Financial Services
2016-03-31,MCO,2382113000,Financial Services
2016-03-31,MDLZ,23189000,Consumer Defensive
2016-03-31,MEG1,56617000,Unknown
2016-03-31,MTB,597406000,Financial Services
2016-03-31,PG,25961000,Consumer Defensive
2016-03-31,PSX,6541939000,Energy
2016-03-31,QSR,327656000,Consumer Cyclical
2016-03-31,TFCFA,249578000,Unknown
2016-03-31,UPS,6265000,Industrials
2016-03-31,USB,3452714000,Financial Services
2016-03-31,USG,967640000,Unknown
2016-03-31,V,783091000,Financial Services
2016-03-31,VRSK,124950000,Industrials
2016-03-31,VRSN,1149692000,Technology
2016-03-31,VZ,811250000,Communication Services
2016-03-31,WBC,346110000,Unknown
2016-03-31,WFC,23198499000,Financial Services
2016-03-31,WMT,3783104000,Consumer Defensive
2016-06-30,AAPL,1455768000,Technology
2016-06-30,AXP,9211866000,Financial Services
2016-06-30,AXTA,618786000,Basic Materials
2016-06-30,BK,809137000,Financial Services
2016-06-30,CHTR,2134924000,Communication Services
2016-06-30,COST,680511000,Consumer Defensive
2016-06-30,DE,1779577000,Industrials
2016-06-30,DNOW,33116000,Industrials
2016-06-30,DVA,2981889000,Healthcare
2016-06-30,FWONA,47850000,Communication Services
2016-06-30,FWONK,94850000,Communication Services
2016-06-30,GE,333233000,Industrials
2016-06-30,GHC,52663000,Consumer Defensive
2016-06-30,GL,392788000,Financial Services
2016-06-30,GM,1415000000,Consumer Cyclical
2016-06-30,GS,1628365000,Financial Services
2016-06-30,IBM,12329439000,Technology
2016-06-30,JNJ,39677000,Healthcare
2016-06-30,KHC,28812169000,Consumer Defensive
2016-06-30,KMI,496708000,Energy
2016-06-30,KO,18132000000,Consumer Defensive
2016-06-30,LBTYA,562802000,Communication Services
2016-06-30,LBTYK,210491000,Communication Services
2016-06-30,LEE,170000,Communication Services
2016-06-30,LILA,87581000,Communication Services
2016-06-30,LILAK,41718000,Communication Services
2016-06-30,LSXMA,313600000,Unknown
2016-06-30,LSXMK,617399000,Unknown
2016-06-30,MA,434555000,Financial Services
2016-06-30,MCO,2311805000,Financial Services
2016-06-30,MDLZ,26305000,Consumer Defensive
2016-06-30,MEG1,59672000,Unknown
2016-06-30,MTB,636319000,Financial Services
2016-06-30,PG,26705000,Consumer Defensive
2016-06-30,PSX,6250563000,Energy
2016-06-30,QSR,351030000,Consumer Cyclical
2016-06-30,TFCFA,242148000,Unknown
2016-06-30,UPS,6399000,Industrials
2016-06-30,USB,3430598000,Financial Services
2016-06-30,USG,1051494000,Unknown
2016-06-30,V,759438000,Financial Services
2016-06-30,VRSK,126763000,Industrials
2016-06-30,VRSN,1119894000,Technology
2016-06-30,VZ,837652000,Communication Services
2016-06-30,WBC,296420000,Unknown
2016-06-30,WFC,22704405000,Financial Services
2016-06-30,WMT,2937332000,Consumer Defensive
2016-09-30,AAL,797020000,Industrials
2016-09-30,AAPL,1721492000,Technology
2016-09-30,AXP,9709150000,Financial Services
2016-09-30,AXTA,659369000,Basic Materials
2016-09-30,BK,842932000,Financial Services
2016-09-30,CHTR,2549459000,Communication Services
2016-09-30,COST,660881000,Consumer Defensive
2016-09-30,DAL,249303000,Industrials
2016-09-30,DE,1799610000,Industrials
2016-09-30,DNOW,39122000,Industrials
2016-09-30,DVA,2548027000,Healthcare
2016-09-30,FWONA,37131000,Communication Services
2016-09-30,FWONK,89740000,Communication Services
2016-09-30,GE,313541000,Industrials
2016-09-30,GHC,51783000,Consumer Defensive
2016-09-30,GL,405940000,Financial Services
2016-09-30,GM,1588501000,Consumer Cyclical
2016-09-30,GS,1767441000,Financial Services
2016-09-30,IBM,12903752000,Technology
2016-09-30,JNJ,38640000,Healthcare
2016-09-30,KHC,29147573000,Consumer Defensive
2016-09-30,KMI,462600000,Energy
2016-09-30,KO,16928001000,Consumer Defensive
2016-09-30,LBTYA,689783000,Communication Services
2016-09-30,LBTYK,242744000,Communication Services
2016-09-30,LEE,333000,Communication Services
2016-09-30,LILA,74903000,Communication Services
2016-09-30,LILAK,36017000,Communication Services
2016-09-30,LSXMA,341799000,Unknown
2016-09-30,LSXMK,742909000,Unknown
2016-09-30,MA,502210000,Financial Services
2016-09-30,MCO,2671244000,Financial Services
2016-09-30,MDLZ,25374000,Consumer Defensive
2016-09-30,MTB,624856000,Financial Services
2016-09-30,PG,28307000,Consumer Defensive
2016-09-30,PSX,6499571000,Energy
2016-09-30,QSR,376176000,Consumer Cyclical
2016-09-30,TFCFA,216814000,Unknown
2016-09-30,UAL,237847000,Industrials
2016-09-30,UPS,6496000,Industrials
2016-09-30,USB,3648359000,Financial Services
2016-09-30,USG,1008202000,Unknown
2016-09-30,V,873516000,Financial Services
2016-09-30,VRSK,127076000,Industrials
2016-09-30,VRSN,1013423000,Technology
2016-09-30,VZ,779748000,Communication Services
2016-09-30,WBC,382414000,Unknown
2016-09-30,WFC,21241306000,Financial Services
2016-09-30,WMT,935510000,Consumer Defensive
2016-12-31,AAL,2126489000,Industrials
2016-12-31,AAPL,6643394000,Technology
2016-12-31,AXP,11231321000,Financial Services
2016-12-31,AXTA,634413000,Basic Materials
2016-12-31,BK,1026818000,Financial Services
2016-12-31,CHTR,2718970000,Communication Services
2016-12-31,COST,693815000,Consumer Defensive
2016-12-31,DAL,2952679000,Industrials
2016-12-31,DVA,2475910000,Healthcare
2016-12-31,GE,334501000,Industrials
2016-12-31,GHC,55073000,Consumer Defensive
2016-12-31,GL,468651000,Financial Services
2016-12-31,GM,1741999000,Consumer Cyclical
2016-12-31,GS,2624257000,Financial Services
2016-12-31,IBM,13483751000,Technology
2016-12-31,JNJ,37685000,Healthcare
2016-12-31,KHC,28434432000,Consumer Defensive
2016-12-31,KO,16584000000,Consumer Defensive
2016-12-31,LBTYA,617334000,Communication Services
2016-12-31,LBTYK,218205000,Communication Services
2016-12-31,LILA,59618000,Communication Services
2016-12-31,LILAK,27183000,Communication Services
2016-12-31,LSXMA,347230000,Unknown
2016-12-31,LSXMK,754249000,Unknown
2016-12-31,LUV,2153276000,Industrials
2016-12-31,MA,509514000,Financial Services
2016-12-31,MCO,2325620000,Financial Services
2016-12-31,MDLZ,25623000,Consumer Defensive
2016-12-31,MON2,846076000,Unknown
2016-12-31,MTB,841913000,Financial Services
2016-12-31,PG,26519000,Consumer Defensive
2016-12-31,PSX,6972414000,Energy
2016-12-31,QSR,402166000,Consumer Cyclical
2016-12-31,SIRI,741547000,Communication Services
2016-12-31,TFCFA,251011000,Unknown
2016-12-31,UAL,2109975000,Industrials
2016-12-31,UPS,6810000,Industrials
2016-12-31,USB,4369696000,Financial Services
2016-12-31,USG,1126378000,Unknown
2016-12-31,V,824083000,Financial Services
2016-12-31,VRSK,126904000,Industrials
2016-12-31,VRSN,985315000,Technology
2016-12-31,VZ,50000,Communication Services
2016-12-31,WBC,357555000,Unknown
2016-12-31,WFC,26436503000,Financial Services
2016-12-31,WMT,96320000,Consumer Defensive
2017-03-31,AAL,2084496000,Industrials
2017-03-31,AAPL,18583441000,Technology
2017-03-31,AXP,11993921000,Financial Services
2017-03-31,AXTA,751033000,Basic Materials
2017-03-31,BK,1559160000,Financial Services
2017-03-31,CHTR,3091043000,Communication Services
2017-03-31,COST,726662000,Consumer Defensive
2017-03-31,DAL,2528995000,Industrials
2017-03-31,DVA,2621301000,Healthcare
2017-03-31,GE,315448000,Industrials
2017-03-31,GHC,64496000,Consumer Defensive
2017-03-31,GL,489492000,Financial Services
2017-03-31,GM,1768001000,Consumer Cyclical
2017-03-31,GS,2517620000,Financial Services
2017-03-31,IBM,11242819000,Technology
2017-03-31,JNJ,40740000,Healthcare
2017-03-31,KHC,29570898000,Consumer Defensive
2017-03-31,KO,16976000000,Consumer Defensive
2017-03-31,LBTYA,723889000,Communication Services
2017-03-31,LBTYK,257438000,Communication Services
2017-03-31,LILA,60378000,Communication Services
2017-03-31,LILAK,29584000,Communication Services
2017-03-31,LSXMA,398845000,Unknown
2017-03-31,LSXMK,865070000,Unknown
2017-03-31,LUV,2562172000,Industrials
2017-03-31,MA,555012000,Financial Services
2017-03-31,MCO,2764002000,Financial Services
2017-03-31,MDLZ,24900000,Consumer Defensive
2017-03-31,MON2,910330000,Unknown
2017-03-31,MTB,832764000,Financial Services
2017-03-31,PG,28339000,Consumer Defensive
2017-03-31,PSX,6392254000,Energy
2017-03-31,QSR,470347000,Consumer Cyclical
2017-03-31,SIRI,887476000,Communication Services
2017-03-31,UAL,2045124000,Industrials
2017-03-31,UPS,6374000,Industrials
2017-03-31,USB,4380754000,Financial Services
2017-03-31,USG,1240264000,Unknown
2017-03-31,V,938686000,Financial Services
2017-03-31,VRSK,126857000,Industrials
2017-03-31,VRSN,1128313000,Technology
2017-03-31,VZ,45000,Communication Services
2017-03-31,WBC,341522000,Unknown
2017-03-31,WFC,26700340000,Financial Services
2017-03-31,WMT,100445000,Consumer Defensive
2017-06-30,AAL,2365039000,Industrials
2017-06-30,AAPL,18750246000,Technology
2017-06-30,AXP,12771685000,Financial Services
2017-06-30,AXTA,747301000,Basic Materials
2017-06-30,BK,2562715000,Financial Services
2017-06-30,CHTR,3181040000,Communication Services
2017-06-30,COST,693035000,Consumer Defensive
2017-06-30,DAL,2854152000,Industrials
2017-06-30,DVA,2497506000,Healthcare
2017-06-30,GHC,64507000,Consumer Defensive
2017-06-30,GL,486059000,Financial Services
2017-06-30,GM,2095800000,Consumer Cyclical
2017-06-30,GS,2431917000,Financial Services
2017-06-30,IBM,8319845000,Technology
2017-06-30,JNJ,43272000,Healthcare
2017-06-30,KHC,27887366000,Consumer Defensive
2017-06-30,KO,17939999000,Consumer Defensive
2017-06-30,LBTYA,648210000,Communication Services
2017-06-30,LBTYK,229078000,Communication Services
2017-06-30,LILA,59102000,Communication Services
2017-06-30,LILAK,27491000,Communication Services
2017-06-30,LSXMA,623838000,Unknown
2017-06-30,LSXMK,1296494000,Unknown
2017-06-30,LUV,2961559000,Industrials
2017-06-30,MA,599326000,Financial Services
2017-06-30,MCO,3001819000,Financial Services
2017-06-30,MDLZ,24964000,Consumer Defensive
2017-06-30,MON2,951826000,Unknown
2017-06-30,MTB,871622000,Financial Services
2017-06-30,PG,27487000,Consumer Defensive
2017-06-30,PSX,6672247000,Energy
2017-06-30,QSR,527727000,Consumer Cyclical
2017-06-30,SIRI,754399000,Communication Services
2017-06-30,STOR,418057000,Unknown
2017-06-30,SYF,520747000,Financial Services
2017-06-30,UAL,2122920000,Industrials
2017-06-30,UPS,6569000,Industrials
2017-06-30,USB,4416478000,Financial Services
2017-06-30,USG,1131838000,Unknown
2017-06-30,V,990547000,Financial Services
2017-06-30,VRSK,131907000,Industrials
2017-06-30,VRSN,1204088000,Technology
2017-06-30,VZ,41000,Communication Services
2017-06-30,WBC,8058000,Unknown
2017-06-30,WFC,25931175000,Financial Services
2017-06-30,WMT,105461000,Consumer Defensive
2017-09-30,AAL,2232031000,Industrials
2017-09-30,AAPL,20666379000,Technology
2017-09-30,AXP,13714704000,Financial Services
2017-09-30,AXTA,674530000,Basic Materials
2017-09-30,BAC,17205859000,Financial Services
2017-09-30,BK,2663173000,Financial Services
2017-09-30,CHTR,3085214000,Communication Services
2017-09-30,COST,711928000,Consumer Defensive
2017-09-30,DAL,2560983000,Industrials
2017-09-30,DVA,2290410000,Healthcare
2017-09-30,GHC,62942000,Consumer Defensive
2017-09-30,GL,508871000,Financial Services
2017-09-30,GM,2422799000,Consumer Cyclical
2017-09-30,GS,2599488000,Financial Services
2017-09-30,IBM,5371833000,Technology
2017-09-30,JNJ,42526000,Healthcare
2017-09-30,KHC,25252980000,Consumer Defensive
2017-09-30,KO,18004001000,Consumer Defensive
2017-09-30,LBTYA,684334000,Communication Services
2017-09-30,LBTYK,240246000,Communication Services
2017-09-30,LILA,64505000,Communication Services
2017-09-30,LILAK,29918000,Communication Services
2017-09-30,LSXMA,622649000,Unknown
2017-09-30,LSXMK,1301779000,Unknown
2017-09-30,LUV,2667976000,Industrials
2017-09-30,MA,696788000,Financial Services
2017-09-30,MCO,3434280000,Financial Services
2017-09-30,MDLZ,23501000,Consumer Defensive
2017-09-30,MON2,1063219000,Unknown
2017-09-30,MTB,866724000,Financial Services
2017-09-30,PG,28695000,Consumer Defensive
2017-09-30,PSX,7392000000,Energy
2017-09-30,QSR,539034000,Consumer Cyclical
2017-09-30,SIRI,761295000,Communication Services
2017-09-30,STOR,463121000,Unknown
2017-09-30,SYF,645933000,Financial Services
2017-09-30,UAL,1717519000,Industrials
2017-09-30,UPS,7133000,Industrials
2017-09-30,USB,4558535000,Financial Services
2017-09-30,USG,1273416000,Unknown
2017-09-30,V,1111593000,Financial Services
2017-09-30,VRSK,130062000,Industrials
2017-09-30,VRSN,1378042000,Technology
2017-09-30,VZ,46000,Communication Services
2017-09-30,WFC,25602410000,Financial Services
2017-09-30,WMT,108889000,Consumer Defensive
2017-12-31,AAL,2393379000,Industrials
2017-12-31,AAPL,27979467000,Technology
2017-12-31,AXP,15056458000,Financial Services
2017-12-31,AXTA,754765000,Basic Materials
2017-12-31,BAC,20044080000,Financial Services
2017-12-31,BK,3275697000,Financial Services
2017-12-31,CHTR,2852096000,Communication Services
2017-12-31,COST,806526000,Consumer Defensive
2017-12-31,DAL,2974182000,Industrials
2017-12-31,DVA,2786362000,Healthcare
2017-12-31,GHC,60065000,Consumer Defensive
2017-12-31,GL,576346000,Financial Services
2017-12-31,GM,2049500000,Consumer Cyclical
2017-12-31,GS,2792047000,Financial Services
2017-12-31,IBM,314211000,Technology
2017-12-31,JNJ,45702000,Healthcare
2017-12-31,KHC,25321363000,Consumer Defensive
2017-12-31,KO,18352001000,Consumer Defensive
2017-12-31,LBTYA,723283000,Communication Services
2017-12-31,LBTYK,248621000,Communication Services
2017-12-31,LILA,54704000,Communication Services
2017-12-31,LILAK,25539000,Communication Services
2017-12-31,LSXMA,589362000,Unknown
2017-12-31,LSXMK,1233068000,Unknown
2017-12-31,LUV,3119312000,Industrials
2017-12-31,MA,746925000,Financial Services
2017-12-31,MCO,3641506000,Financial Services
2017-12-31,MDLZ,24738000,Consumer Defensive
2017-12-31,MON2,1367348000,Unknown
2017-12-31,MTB,920275000,Financial Services
2017-12-31,PG,28979000,Consumer Defensive
2017-12-31,PSX,8161782000,Energy
2017-12-31,QSR,518782000,Consumer Cyclical
2017-12-31,SIRI,739228000,Communication Services
2017-12-31,STOR,484908000,Unknown
2017-12-31,SYF,803203000,Financial Services
2017-12-31,TEVA,357695000,Healthcare
2017-12-31,UAL,1901459000,Industrials
2017-12-31,UPS,7078000,Industrials
2017-12-31,USB,4664615000,Financial Services
2017-12-31,USG,1503918000,Unknown
2017-12-31,V,1204332000,Financial Services
2017-12-31,VRSK,150090000,Industrials
2017-12-31,VRSN,1482312000,Technology
2017-12-31,VZ,49000,Communication Services
2017-12-31,WFC,27800952000,Financial Services
2017-12-31,WMT,137610000,Consumer Defensive
2018-03-31,AAL,2390159000,Industrials
2018-03-31,AAPL,40194658000,Technology
2018-03-31,AXP,14142245000,Financial Services
2018-03-31,AXTA,704152000,Basic Materials
2018-03-31,BAC,20363209000,Financial Services
2018-03-31,BK,3204724000,Financial Services
2018-03-31,CHTR,2559122000,Communication Services
2018-03-31,COST,816536000,Consumer Defensive
2018-03-31,DAL,2937781000,Industrials
2018-03-31,DVA,2543014000,Healthcare
2018-03-31,GL,534794000,Financial Services
2018-03-31,GM,1816999000,Consumer Cyclical
2018-03-31,GS,2760264000,Financial Services
2018-03-31,JNJ,41918000,Healthcare
2018-03-31,KHC,20283793000,Consumer Defensive
2018-03-31,KO,17371999000,Consumer Defensive
2018-03-31,LBTYA,570042000,Communication Services
2018-03-31,LBTYK,223568000,Communication Services
2018-03-31,LILA,52804000,Communication Services
2018-03-31,LILAK,24512000,Communication Services
2018-03-31,LSXMA,610761000,Unknown
2018-03-31,LSXMK,1270067000,Unknown
2018-03-31,LUV,2729934000,Industrials
2018-03-31,MA,864372000,Financial Services
2018-03-31,MCO,3979236000,Financial Services
2018-03-31,MDLZ,24120000,Consumer Defensive
2018-03-31,MON2,2213625000,Unknown
2018-03-31,MTB,992234000,Financial Services
2018-03-31,PG,25005000,Consumer Defensive
2018-03-31,PSX,4382575000,Energy
2018-03-31,QSR,480304000,Consumer Cyclical
2018-03-31,SIRI,860594000,Communication Services
2018-03-31,STOR,462190000,Unknown
2018-03-31,SYF,697524000,Financial Services
2018-03-31,TEVA,692824000,Healthcare
2018-03-31,UAL,1924733000,Industrials
2018-03-31,UPS,6217000,Industrials
2018-03-31,USB,4587811000,Financial Services
2018-03-31,USG,1576461000,Unknown
2018-03-31,V,1263481000,Financial Services
2018-03-31,VRSK,29617000,Industrials
2018-03-31,VRSN,1535678000,Technology
2018-03-31,VZ,44000,Communication Services
2018-03-31,WFC,23925858000,Financial Services
2018-03-31,WMT,123981000,Consumer Defensive
2018-06-30,AAL,1696812000,Industrials
2018-06-30,AAPL,46639553000,Technology
2018-06-30,AXP,14857849000,Financial Services
2018-06-30,AXTA,735441000,Basic Materials
2018-06-30,BAC,19141009000,Financial Services
2018-06-30,BK,3494685000,Financial Services
2018-06-30,CHTR,2200303000,Communication Services
2018-06-30,COST,905586000,Consumer Defensive
2018-06-30,DAL,3154005000,Industrials
2018-06-30,DVA,2677993000,Healthcare
2018-06-30,GL,517257000,Financial Services
2018-06-30,GM,2024908000,Consumer Cyclical
2018-06-30,GS,2923543000,Financial Services
2018-06-30,JNJ,39690000,Healthcare
2018-06-30,KHC,20456379000,Consumer Defensive
2018-06-30,KO,17544001000,Consumer Defensive
2018-06-30,LBTYA,545044000,Communication Services
2018-06-30,LBTYK,195503000,Communication Services
2018-06-30,LILA,51908000,Communication Services
2018-06-30,LILAK,24884000,Communication Services
2018-06-30,LSXMA,669460000,Unknown
2018-06-30,LSXMK,1410288000,Unknown
2018-06-30,LUV,2877132000,Industrials
2018-06-30,MA,969778000,Financial Services
2018-06-30,MCO,4207677000,Financial Services
2018-06-30,MDLZ,23698000,Consumer Defensive
2018-06-30,MTB,915754000,Financial Services
2018-06-30,PG,24620000,Consumer Defensive
2018-06-30,PSX,3900471000,Energy
2018-06-30,QSR,508825000,Consumer Cyclical
2018-06-30,SIRI,933690000,Communication Services
2018-06-30,STOR,510234000,Unknown
2018-06-30,SYF,694404000,Financial Services
2018-06-30,TEVA,1051823000,Healthcare
2018-06-30,UAL,1860714000,Industrials
2018-06-30,UPS,6310000,Industrials
2018-06-30,USB,5036709000,Financial Services
2018-06-30,USG,1681767000,Unknown
2018-06-30,V,1398998000,Financial Services
2018-06-30,VRSN,1779966000,Technology
2018-06-30,VZ,47000,Communication Services
2018-06-30,WFC,25059643000,Financial Services
2018-06-30,WMT,119354000,Consumer Defensive
2018-09-30,AAL,1806121000,Industrials
2018-09-30,AAPL,56994561000,Technology
2018-09-30,AXP,16145025000,Financial Services
2018-09-30,AXTA,707538000,Basic Materials
2018-09-30,BAC,25843745000,Financial Services
2018-09-30,BK,3969546000,Financial Services
2018-09-30,CHTR,2392280000,Communication Services
2018-09-30,COST,1017820000,Consumer Defensive
2018-09-30,DAL,3789889000,Industrials
2018-09-30,DVA,2762452000,Healthcare
2018-09-30,GL,550804000,Financial Services
2018-09-30,GM,1766376000,Consumer Cyclical
2018-09-30,GS,4115619000,Financial Services
2018-09-30,JNJ,45195000,Healthcare
2018-09-30,JPM,4024412000,Financial Services
2018-09-30,KHC,17945735000,Consumer Defensive
2018-09-30,KO,18476000000,Consumer Defensive
2018-09-30,LBTYA,572553000,Communication Services
2018-09-30,LBTYK,206891000,Communication Services
2018-09-30,LILA,56578000,Communication Services
2018-09-30,LILAK,26489000,Communication Services
2018-09-30,LSXMA,645535000,Unknown
2018-09-30,LSXMK,1350903000,Unknown
2018-09-30,LUV,3500160000,Industrials
2018-09-30,MA,1098526000,Financial Services
2018-09-30,MCO,4124787000,Financial Services
2018-09-30,MDLZ,24831000,Consumer Defensive
2018-09-30,MTB,885561000,Financial Services
2018-09-30,ORCL,2134832000,Technology
2018-09-30,PG,26251000,Consumer Defensive
2018-09-30,PNC,829032000,Financial Services
2018-09-30,PSX,1739611000,Energy
2018-09-30,QSR,500218000,Consumer Cyclical
2018-09-30,SIRI,871627000,Communication Services
2018-09-30,STOR,517496000,Unknown
2018-09-30,SYF,646557000,Financial Services
2018-09-30,TEVA,931589000,Healthcare
2018-09-30,TRV,459652000,Financial Services
2018-09-30,UAL,2314183000,Industrials
2018-09-30,UPS,6935000,Industrials
2018-09-30,USB,6597189000,Financial Services
2018-09-30,USG,1689178000,Unknown
2018-09-30,V,1585320000,Financial Services
2018-09-30,VRSN,2073994000,Technology
2018-09-30,VZ,50000,Communication Services
2018-09-30,WFC,23250531000,Financial Services
2018-12-31,AAL,1403208000,Industrials
2018-12-31,AAPL,39370221000,Technology
2018-12-31,AXP,14451533000,Financial Services
2018-12-31,AXTA,568263000,Basic Materials
2018-12-31,BAC,22081569000,Financial Services
2018-12-31,BK,3809716000,Financial Services
2018-12-31,CHTR,2004336000,Communication Services
2018-12-31,COST,882749000,Consumer Defensive
2018-12-31,DAL,3270197000,Industrials
2018-12-31,DVA,1984584000,Healthcare
2018-12-31,GL,473544000,Financial Services
2018-12-31,GM,2417421000,Consumer Cyclical
2018-12-31,GS,3065974000,Financial Services
2018-12-31,JNJ,42212000,Healthcare
2018-12-31,JPM,4892364000,Financial Services
2018-12-31,KHC,14015323000,Consumer Defensive
2018-12-31,KO,18939999000,Consumer Defensive
2018-12-31,LBTYA,422340000,Communication Services
2018-12-31,LBTYK,151641000,Communication Services
2018-12-31,LILA,39311000,Communication Services
2018-12-31,LILAK,18708000,Communication Services
2018-12-31,LSXMA,546862000,Unknown
2018-12-31,LSXMK,1149744000,Unknown
2018-12-31,LUV,2549307000,Industrials
2018-12-31,MA,930942000,Financial Services
2018-12-31,MCO,3454756000,Financial Services
2018-12-31,MDLZ,23137000,Consumer Defensive
2018-12-31,MTB,770331000,Financial Services
2018-12-31,PG,28992000,Consumer Defensive
2018-12-31,PNC,966034000,Financial Services
2018-12-31,PSX,1024826000,Energy
2018-12-31,QSR,441319000,Consumer Cyclical
2018-12-31,RHT,733436000,Unknown
2018-12-31,SIRI,787499000,Communication Services
2018-12-31,STOR,527180000,Unknown
2018-12-31,SYF,488038000,Financial Services
2018-12-31,TEVA,666905000,Healthcare
2018-12-31,TRV,713517000,Financial Services
2018-12-31,UAL,1836922000,Industrials
2018-12-31,UPS,5793000,Industrials
2018-12-31,USB,5909415000,Financial Services
2018-12-31,USG,1663826000,Unknown
2018-12-31,V,1393611000,Financial Services
2018-12-31,VRSN,1920763000,Technology
2018-12-31,VZ,52000,Communication Services
2018-12-31,WFC,19665511000,Financial Services
2019-03-31,AAL,1387912000,Industrials
2019-03-31,AAPL,47409494000,Technology
2019-03-31,AMZN,860637000,Consumer Cyclical
2019-03-31,AXP,16571049000,Financial Services
2019-03-31,AXTA,611696000,Basic Materials
2019-03-31,BAC,24725263000,Financial Services
2019-03-31,BK,4081666000,Financial Services
2019-03-31,CHTR,1981103000,Communication Services
2019-03-31,COST,1049281000,Consumer Defensive
2019-03-31,DAL,3662525000,Industrials
2019-03-31,DVA,2093725000,Healthcare
2019-03-31,GL,520688000,Financial Services
2019-03-31,GM,2681205000,Consumer Cyclical
2019-03-31,GS,3523714000,Financial Services
2019-03-31,JNJ,45725000,Healthcare
2019-03-31,JPM,6024697000,Financial Services
2019-03-31,KHC,10631977000,Consumer Defensive
2019-03-31,KO,18744001000,Consumer Defensive
2019-03-31,LBTYA,493192000,Communication Services
2019-03-31,LBTYK,177870000,Communication Services
2019-03-31,LILA,52505000,Communication Services
2019-03-31,LILAK,24974000,Communication Services
2019-03-31,LSXMA,567369000,Unknown
2019-03-31,LSXMK,1188920000,Unknown
2019-03-31,LUV,2784931000,Industrials
2019-03-31,MA,1161888000,Financial Services
2019-03-31,MCO,4467450000,Financial Services
2019-03-31,MDLZ,28854000,Consumer Defensive
2019-03-31,MTB,845088000,Financial Services
2019-03-31,PG,32817000,Consumer Defensive
2019-03-31,PNC,1063591000,Financial Services
2019-03-31,PSX,528452000,Energy
2019-03-31,QSR,549413000,Consumer Cyclical
2019-03-31,RHT,933683000,Unknown
2019-03-31,SIRI,781982000,Communication Services
2019-03-31,STOR,623826000,Unknown
2019-03-31,SYF,663616000,Financial Services
2019-03-31,TEVA,678149000,Healthcare
2019-03-31,TRV,817253000,Financial Services
2019-03-31,UAL,1750265000,Industrials
2019-03-31,UPS,6637000,Industrials
2019-03-31,USB,6231393000,Financial Services
2019-03-31,USG,1688787000,Unknown
2019-03-31,V,1649750000,Financial Services
2019-03-31,VRSN,2351700000,Technology
2019-03-31,WFC,19801718000,Financial Services
2019-06-30,AAL,1425057000,Industrials
2019-06-30,AAPL,49398720000,Technology
2019-06-30,AMZN,1017447000,Consumer Cyclical
2019-06-30,AXP,18714825000,Financial Services
2019-06-30,AXTA,722339000,Basic Materials
2019-06-30,BAC,26890210000,Financial Services
2019-06-30,BK,3573379000,Financial Services
2019-06-30,CHTR,2144487000,Communication Services
2019-06-30,COST,1145135000,Consumer Defensive
2019-06-30,DAL,4024169000,Industrials
2019-06-30,DVA,2169698000,Healthcare
2019-06-30,GL,568405000,Financial Services
2019-06-30,GM,2784551000,Consumer Cyclical
2019-06-30,GS,3755154000,Financial Services
2019-06-30,JNJ,45558000,Healthcare
2019-06-30,JPM,6653769000,Financial Services
2019-06-30,KHC,10107705000,Consumer Defensive
2019-06-30,KO,20368000000,Consumer Defensive
2019-06-30,LBTYA,534159000,Communication Services
2019-06-30,LBTYK,194915000,Communication Services
2019-06-30,LILA,46777000,Communication Services
2019-06-30,LILAK,22072000,Communication Services
2019-06-30,LSXMA,561871000,Unknown
2019-06-30,LSXMK,1180836000,Unknown
2019-06-30,LUV,2724307000,Industrials
2019-06-30,MA,1305391000,Financial Services
2019-06-30,MCO,4818254000,Financial Services
2019-06-30,MDLZ,31154000,Consumer Defensive
2019-06-30,MTB,915324000,Financial Services
2019-06-30,PG,34584000,Consumer Defensive
2019-06-30,PNC,1190362000,Financial Services
2019-06-30,PSX,519401000,Energy
2019-06-30,QSR,586794000,Consumer Cyclical
2019-06-30,RHT,971074000,Unknown
2019-06-30,SIRI,769570000,Communication Services
2019-06-30,STOR,618053000,Unknown
2019-06-30,SYF,721240000,Financial Services
2019-06-30,TEVA,399191000,Healthcare
2019-06-30,TRV,890899000,Financial Services
2019-06-30,UAL,1920728000,Industrials
2019-06-30,UPS,6134000,Industrials
2019-06-30,USB,6940884000,Financial Services
2019-06-30,V,1833115000,Financial Services
2019-06-30,VRSN,2709196000,Technology
2019-06-30,WFC,19391913000,Financial Services
2019-09-30,AAL,1178589000,Industrials
2019-09-30,AAPL,55732400000,Technology
2019-09-30,AMZN,932705000,Consumer Cyclical
2019-09-30,AXP,17932512000,Financial Services
2019-09-30,AXTA,731560000,Basic Materials
2019-09-30,BAC,27047843000,Financial Services
2019-09-30,BK,3659172000,Financial Services
2019-09-30,CHTR,2236414000,Communication Services
2019-09-30,COST,1248485000,Consumer Defensive
2019-09-30,DAL,4084442000,Industrials
2019-09-30,DVA,2200937000,Healthcare
2019-09-30,GL,608433000,Financial Services
2019-09-30,GM,2708669000,Consumer Cyclical
2019-09-30,GS,3803424000,Financial Services
2019-09-30,JNJ,42320000,Healthcare
2019-09-30,JPM,7004312000,Financial Services
2019-09-30,KHC,9096609000,Consumer Defensive
2019-09-30,KO,21776000000,Consumer Defensive
2019-09-30,LBTYA,489827000,Communication Services
2019-09-30,LBTYK,174784000,Communication Services
2019-09-30,LILA,46343000,Communication Services
2019-09-30,LILAK,21950000,Communication Services
2019-09-30,LSXMA,617744000,Unknown
2019-09-30,LSXMK,1304578000,Unknown
2019-09-30,LUV,2897595000,Industrials
2019-09-30,MA,1340132000,Financial Services
2019-09-30,MCO,5053111000,Financial Services
2019-09-30,MDLZ,31975000,Consumer Defensive
2019-09-30,MTB,850202000,Financial Services
2019-09-30,OXY,332079000,Energy
2019-09-30,PG,39229000,Consumer Defensive
2019-09-30,PNC,1215335000,Financial Services
2019-09-30,PSX,530702000,Energy
2019-09-30,QSR,600295000,Consumer Cyclical
2019-09-30,RH,206336000,Consumer Cyclical
2019-09-30,SIRI,852404000,Communication Services
2019-09-30,STOR,696637000,Unknown
2019-09-30,SYF,709175000,Financial Services
2019-09-30,TEVA,297555000,Healthcare
2019-09-30,TRV,885953000,Financial Services
2019-09-30,UAL,1939595000,Industrials
2019-09-30,UPS,7117000,Industrials
2019-09-30,USB,7330315000,Financial Services
2019-09-30,V,1816849000,Financial Services
2019-09-30,VRSN,2443276000,Technology
2019-09-30,WFC,19084935000,Financial Services
2019-12-31,AAL,1218900000,Industrials
2019-12-31,AAPL,71989933000,Technology
2019-12-31,AMZN,992844000,Consumer Cyclical
2019-12-31,AXP,18874016000,Financial Services
2019-12-31,AXTA,737626000,Basic Materials
2019-12-31,BAC,32578803000,Financial Services
2019-12-31,BIIB,192414000,Healthcare
2019-12-31,BK,4014575000,Financial Services
2019-12-31,CHTR,2632339000,Communication Services
2019-12-31,COST,1273662000,Consumer Defensive
2019-12-31,DAL,4146844000,Industrials
2019-12-31,DVA,2893575000,Healthcare
2019-12-31,GL,668730000,Financial Services
2019-12-31,GM,2745000000,Consumer Cyclical
2019-12-31,GS,2760252000,Financial Services
2019-12-31,JNJ,47714000,Healthcare
2019-12-31,JPM,8296382000,Financial Services
2019-12-31,KHC,10462647000,Consumer Defensive
2019-12-31,KO,22140000000,Consumer Defensive
2019-12-31,KR,549073000,Consumer Defensive
2019-12-31,LBTYA,450047000,Communication Services
2019-12-31,LBTYK,160127000,Communication Services
2019-12-31,LILA,52397000,Communication Services
2019-12-31,LILAK,24987000,Communication Services
2019-12-31,LSXMA,718350000,Unknown
2019-12-31,LSXMK,1496721000,Unknown
2019-12-31,LUV,2895985000,Industrials
2019-12-31,MA,1473469000,Financial Services
2019-12-31,MCO,5856852000,Financial Services
2019-12-31,MDLZ,31836000,Consumer Defensive
2019-12-31,MTB,913602000,Financial Services
2019-12-31,OXY,780231000,Energy
2019-12-31,PG,39393000,Consumer Defensive
2019-12-31,PNC,1384160000,Financial Services
2019-12-31,PSX,25339000,Energy
2019-12-31,QSR,538106000,Consumer Cyclical
2019-12-31,RH,364732000,Consumer Cyclical
2019-12-31,SIRI,974372000,Communication Services
2019-12-31,SPY,12681000,Unknown
2019-12-31,STOR,693471000,Unknown
2019-12-31,SYF,749116000,Financial Services
2019-12-31,TEVA,423843000,Healthcare
2019-12-31,TRV,42780000,Financial Services
2019-12-31,UAL,1932575000,Industrials
2019-12-31,UPS,6953000,Industrials
2019-12-31,USB,7853532000,Financial Services
2019-12-31,V,1984686000,Financial Services
2019-12-31,VOO,12719000,Unknown
2019-12-31,VRSN,2495735000,Technology
2019-12-31,WFC,17388855000,Financial Services
2020-03-31,AAL,510871000,Industrials
2020-03-31,AAPL,62340609000,Technology
2020-03-31,AMZN,1039786000,Consumer Cyclical
2020-03-31,AXP,12979391000,Financial Services
2020-03-31,AXTA,415689000,Basic Materials
2020-03-31,BAC,19637932000,Financial Services
2020-03-31,BIIB,203440000,Healthcare
2020-03-31,BK,2686487000,Financial Services
2020-03-31,CHTR,2367684000,Communication Services
2020-03-31,COST,1235572000,Consumer Defensive
2020-03-31,DAL,2050935000,Industrials
2020-03-31,DVA,2897549000,Healthcare
2020-03-31,GL,457278000,Financial Services
2020-03-31,GM,1551872000,Consumer Cyclical
2020-03-31,GS,296841000,Financial Services
2020-03-31,JNJ,42893000,Healthcare
2020-03-31,JPM,5196030000,Financial Services
2020-03-31,KHC,8056205000,Consumer Defensive
2020-03-31,KO,17700001000,Consumer Defensive
2020-03-31,KR,570475000,Consumer Defensive
2020-03-31,LBTYA,318808000,Communication Services
2020-03-31,LBTYK,115421000,Communication Services
2020-03-31,LILA,27676000,Communication Services
2020-03-31,LILAK,13174000,Communication Services
2020-03-31,LSXMA,470925000,Unknown
2020-03-31,LSXMK,975508000,Unknown
2020-03-31,LUV,1910218000,Industrials
2020-03-31,MA,1192040000,Financial Services
2020-03-31,MCO,5217658000,Financial Services
2020-03-31,MDLZ,28946000,Consumer Defensive
2020-03-31,MTB,556665000,Financial Services
2020-03-31,OXY,219245000,Energy
2020-03-31,PG,34694000,Consumer Defensive
2020-03-31,PNC,880431000,Financial Services
2020-03-31,QSR,337782000,Consumer Cyclical
2020-03-31,RH,171638000,Consumer Cyclical
2020-03-31,SIRI,654149000,Communication Services
2020-03-31,SPY,10155000,Unknown
2020-03-31,STOR,337425000,Unknown
2020-03-31,SYF,323860000,Financial Services
2020-03-31,TEVA,384248000,Healthcare
2020-03-31,UAL,699073000,Industrials
2020-03-31,UPS,5549000,Industrials
2020-03-31,USB,4563233000,Financial Services
2020-03-31,V,1701823000,Financial Services
2020-03-31,VOO,10183000,Unknown
2020-03-31,VRSN,2307964000,Technology
2020-03-31,WFC,9276210000,Financial Services
2020-06-30,AAPL,89432750000,Technology
2020-06-30,AMZN,1471279000,Consumer Cyclical
2020-06-30,AXP,14433339000,Financial Services
2020-06-30,AXTA,542779000,Basic Materials
2020-06-30,BAC,21968954000,Financial Services
2020-06-30,BIIB,172041000,Healthcare
2020-06-30,BK,2796615000,Financial Services
2020-06-30,CHTR,2659074000,Communication Services
2020-06-30,COST,1313919000,Consumer Defensive
2020-06-30,DVA,3014883000,Healthcare
2020-06-30,GL,471636000,Financial Services
2020-06-30,GM,1889429000,Consumer Cyclical
2020-06-30,GOLD,563550000,Basic Materials
2020-06-30,JNJ,46000000,Healthcare
2020-06-30,JPM,2088925000,Financial Services
2020-06-30,KHC,10384494000,Consumer Defensive
2020-06-30,KO,17871999000,Consumer Defensive
2020-06-30,KR,742672000,Consumer Defensive
2020-06-30,LBTYA,422117000,Communication Services
2020-06-30,LBTYK,158033000,Communication Services
2020-06-30,LILA,25572000,Communication Services
2020-06-30,LILAK,12121000,Communication Services
2020-06-30,LSXMA,512980000,Unknown
2020-06-30,LSXMK,1488525000,Unknown
2020-06-30,MA,1349798000,Financial Services
2020-06-30,MCO,6777528000,Financial Services
2020-06-30,MDLZ,29553000,Consumer Defensive
2020-06-30,MTB,471626000,Financial Services
2020-06-30,PG,37712000,Consumer Defensive
2020-06-30,PNC,562935000,Financial Services
2020-06-30,RH,425208000,Consumer Cyclical
2020-06-30,SIRI,293500000,Communication Services
2020-06-30,SPY,12149000,Unknown
2020-06-30,STOR,581325000,Unknown
2020-06-30,SYF,446036000,Financial Services
2020-06-30,TEVA,527592000,Healthcare
2020-06-30,UPS,6604000,Industrials
2020-06-30,USB,4858836000,Financial Services
2020-06-30,V,1929278000,Financial Services
2020-06-30,VOO,12187000,Unknown
2020-06-30,VRSN,2650654000,Technology
2020-06-30,WFC,6082118000,Financial Services
2020-09-30,AAPL,109358868000,Technology
2020-09-30,ABBV,1862541000,Healthcare
2020-09-30,AMZN,1679217000,Consumer Cyclical
2020-09-30,AXP,15198971000,Financial Services
2020-09-30,AXTA,519222000,Basic Materials
2020-09-30,BAC,24333323000,Financial Services
2020-09-30,BIIB,182412000,Healthcare
2020-09-30,BK,2484755000,Financial Services
2020-09-30,BMY,1806963000,Healthcare
2020-09-30,CHTR,3254972000,Communication Services
2020-09-30,CVX,3187639000,Energy
2020-09-30,DVA,3091586000,Healthcare
2020-09-30,GL,507663000,Financial Services
2020-09-30,GM,2367201000,Consumer Cyclical
2020-09-30,GOLD,337320000,Basic Materials
2020-09-30,JNJ,48699000,Healthcare
2020-09-30,JPM,93119000,Financial Services
2020-09-30,KHC,9752763000,Consumer Defensive
2020-09-30,KO,19748000000,Consumer Defensive
2020-09-30,KR,847019000,Consumer Defensive
2020-09-30,LBTYA,378390000,Communication Services
2020-09-30,LBTYK,150870000,Communication Services
2020-09-30,LILA,21704000,Communication Services
2020-09-30,LILAK,11642000,Communication Services
2020-09-30,LSXMA,492918000,Unknown
2020-09-30,LSXMK,1429330000,Unknown
2020-09-30,MA,1543664000,Financial Services
2020-09-30,MCO,7150535000,Financial Services
2020-09-30,MDLZ,33206000,Consumer Defensive
2020-09-30,MMC,386138000,Financial Services
2020-09-30,MRK,1858337000,Healthcare
2020-09-30,MTB,268867000,Financial Services
2020-09-30,PFE,136222000,Healthcare
2020-09-30,PG,43837000,Consumer Defensive
2020-09-30,PNC,211008000,Financial Services
2020-09-30,RH,653648000,Consumer Cyclical
2020-09-30,SIRI,268000000,Communication Services
2020-09-30,SNOW,1537469000,Technology
2020-09-30,SPY,13195000,Unknown
2020-09-30,STOR,669708000,Unknown
2020-09-30,SYF,526750000,Financial Services
2020-09-30,TEVA,385531000,Healthcare
2020-09-30,TMUS,275968000,Communication Services
2020-09-30,UPS,9898000,Industrials
2020-09-30,USB,4730833000,Financial Services
2020-09-30,V,1997192000,Financial Services
2020-09-30,VOO,13229000,Unknown
2020-09-30,VRSN,2625279000,Technology
2020-09-30,VZ,3471109000,Communication Services
2020-09-30,WFC,2994716000,Financial Services
2020-12-31,AAPL,117714016000,Technology
2020-12-31,ABBV,2735870000,Healthcare
2020-12-31,AMZN,1736921000,Consumer Cyclical
2020-12-31,AXP,18331249000,Financial Services
2020-12-31,AXTA,668641000,Basic Materials
2020-12-31,BAC,30616150000,Financial Services
2020-12-31,BIIB,157450000,Healthcare
2020-12-31,BK,3070849000,Financial Services
2020-12-31,BMY,2067833000,Healthcare
2020-12-31,CHTR,3448965000,Communication Services
2020-12-31,CVX,4095738000,Energy
2020-12-31,DVA,4237620000,Healthcare
2020-12-31,GL,603350000,Financial Services
2020-12-31,GM,3018899000,Consumer Cyclical
2020-12-31,JNJ,51479000,Healthcare
2020-12-31,KHC,11286503000,Consumer Defensive
2020-12-31,KO,21935999000,Consumer Defensive
2020-12-31,KR,1065040000,Consumer Defensive
2020-12-31,LBTYA,436202000,Communication Services
2020-12-31,LBTYK,173756000,Communication Services
2020-12-31,LILA,29280000,Communication Services
2020-12-31,LILAK,14240000,Communication Services
2020-12-31,LSXMA,641819000,Unknown
2020-12-31,LSXMK,1879993000,Unknown
2020-12-31,MA,1629344000,Financial Services
2020-12-31,MCO,7160156000,Financial Services
2020-12-31,MDLZ,33796000,Consumer Defensive
2020-12-31,MMC,499336000,Financial Services
2020-12-31,MRK,2347450000,Healthcare
2020-12-31,PG,43885000,Consumer Defensive
2020-12-31,RH,775350000,Consumer Cyclical
2020-12-31,SIRI,318500000,Communication Services
2020-12-31,SNOW,1723681000,Technology
2020-12-31,SPY,14731000,Unknown
2020-12-31,STOR,829627000,Unknown
2020-12-31,SYF,698642000,Financial Services
2020-12-31,TEVA,412916000,Healthcare
2020-12-31,TMUS,706884000,Communication Services
2020-12-31,UPS,10003000,Industrials
2020-12-31,USB,6109721000,Financial Services
2020-12-31,V,2184557000,Financial Services
2020-12-31,VOO,14779000,Unknown
2020-12-31,VRSN,2773299000,Technology
2020-12-31,VZ,8619594000,Communication Services
2020-12-31,WFC,1582152000,Financial Services
2021-03-31,AAPL,108363609000,Technology
2021-03-31,ABBV,2474794000,Healthcare
2021-03-31,AMZN,1650073000,Consumer Cyclical
2021-03-31,AON,942564000,Financial Services
2021-03-31,AXP,21443817000,Financial Services
2021-03-31,AXTA,410779000,Basic Materials
2021-03-31,BAC,39080793000,Financial Services
2021-03-31,BIIB,179885000,Healthcare
2021-03-31,BK,3421785000,Financial Services
2021-03-31,BMY,1959064000,Healthcare
2021-03-31,CHTR,3216810000,Communication Services
2021-03-31,CVX,2480617000,Energy
2021-03-31,DVA,3890020000,Healthcare
2021-03-31,GL,613961000,Financial Services
2021-03-31,GM,3849820000,Consumer Cyclical
2021-03-31,JNJ,53759000,Healthcare
2021-03-31,KHC,13025393000,Consumer Defensive
2021-03-31,KO,21083999000,Consumer Defensive
2021-03-31,KR,1837660000,Consumer Defensive
2021-03-31,LBTYA,86213000,Communication Services
2021-03-31,LBTYK,187642000,Communication Services
2021-03-31,LILA,33753000,Communication Services
2021-03-31,LILAK,16667000,Communication Services
2021-03-31,LSXMA,655045000,Unknown
2021-03-31,LSXMK,1905918000,Unknown
2021-03-31,MA,1625281000,Financial Services
2021-03-31,MCO,7366643000,Financial Services
2021-03-31,MDLZ,33830000,Consumer Defensive
2021-03-31,MMC,644021000,Financial Services
2021-03-31,MRK,1378553000,Healthcare
2021-03-31,PG,42715000,Consumer Defensive
2021-03-31,RH,1047897000,Consumer Cyclical
2021-03-31,SIRI,265882000,Communication Services
2021-03-31,SNOW,1404426000,Technology
2021-03-31,SPY,15615000,Unknown
2021-03-31,STOR,817909000,Unknown
2021-03-31,TEVA,493789000,Healthcare
2021-03-31,TMUS,656770000,Communication Services
2021-03-31,UPS,10097000,Industrials
2021-03-31,USB,7172993000,Financial Services
2021-03-31,V,2114645000,Financial Services
2021-03-31,VOO,15665000,Unknown
2021-03-31,VRSN,2547231000,Technology
2021-03-31,VZ,9235649000,Communication Services
2021-03-31,WFC,26374000,Financial Services
2021-06-30,AAPL,121502087000,Technology
2021-06-30,ABBV,2312258000,Healthcare
2021-06-30,AMZN,1834637000,Consumer Cyclical
2021-06-30,AON,1049589000,Financial Services
2021-06-30,AXP,25050635000,Financial Services
2021-06-30,BAC,41646448000,Financial Services
2021-06-30,BK,3706871000,Financial Services
2021-06-30,BMY,1756983000,Healthcare
2021-06-30,CHTR,3761251000,Communication Services
2021-06-30,CVX,2421999000,Energy
2021-06-30,DVA,4346990000,Healthcare
2021-06-30,GL,605193000,Financial Services
2021-06-30,GM,3550200000,Consumer Cyclical
2021-06-30,JNJ,53886000,Healthcare
2021-06-30,KHC,13279388000,Consumer Defensive
2021-06-30,KO,21644001000,Consumer Defensive
2021-06-30,KR,2367094000,Consumer Defensive
2021-06-30,LBTYK,50741000,Communication Services
2021-06-30,LILA,36463000,Communication Services
2021-06-30,LILAK,18105000,Communication Services
2021-06-30,LSXMA,692195000,Unknown
2021-06-30,LSXMK,2004432000,Unknown
2021-06-30,MA,1666547000,Financial Services
2021-06-30,MCO,8939587000,Financial Services
2021-06-30,MDLZ,36090000,Consumer Defensive
2021-06-30,MMC,590391000,Financial Services
2021-06-30,MRK,712155000,Healthcare
2021-06-30,OGN,46918000,Healthcare
2021-06-30,PG,42557000,Consumer Defensive
2021-06-30,RH,1216746000,Consumer Cyclical
2021-06-30,SIRI,285529000,Communication Services
2021-06-30,SNOW,1481116000,Technology
2021-06-30,SPY,16866000,Unknown
2021-06-30,STOR,842568000,Unknown
2021-06-30,TEVA,423615000,Healthcare
2021-06-30,TMUS,759199000,Communication Services
2021-06-30,UPS,12353000,Industrials
2021-06-30,USB,7342802000,Financial Services
2021-06-30,V,2335268000,Financial Services
2021-06-30,VOO,16921000,Unknown
2021-06-30,VRSN,2917987000,Technology
2021-06-30,VZ,8898941000,Communication Services
2021-06-30,WFC,30573000,Financial Services
2021-09-30,AAPL,125529681000,Technology
2021-09-30,ABBV,1553165000,Healthcare
2021-09-30,AMZN,1751912000,Consumer Cyclical
2021-09-30,AON,1256244000,Financial Services
2021-09-30,AXP,25399340000,Financial Services
2021-09-30,BAC,42878771000,Financial Services
2021-09-30,BK,3751012000,Financial Services
2021-09-30,BMY,1304517000,Healthcare
2021-09-30,CHTR,3056207000,Communication Services
2021-09-30,CVX,2911972000,Energy
2021-09-30,DVA,4196471000,Healthcare
2021-09-30,FND,98669000,Consumer Cyclical
2021-09-30,GL,565672000,Financial Services
2021-09-30,GM,3162600000,Consumer Cyclical
2021-09-30,JNJ,52827000,Healthcare
2021-09-30,KHC,11989874000,Consumer Defensive
2021-09-30,KO,20988000000,Consumer Defensive
2021-09-30,KR,2498086000,Consumer Defensive
2021-09-30,LILA,34410000,Communication Services
2021-09-30,LILAK,16846000,Communication Services
2021-09-30,LSXMA,700963000,Unknown
2021-09-30,LSXMK,2051097000,Unknown
2021-09-30,MA,1491077000,Financial Services
2021-09-30,MCO,8760485000,Financial Services
2021-09-30,MDLZ,33628000,Consumer Defensive
2021-09-30,MMC,415184000,Financial Services
2021-09-30,PG,44093000,Consumer Defensive
2021-09-30,RH,1195081000,Consumer Cyclical
2021-09-30,RPRX,475093000,Healthcare
2021-09-30,SIRI,266319000,Communication Services
2021-09-30,SNOW,1852497000,Technology
2021-09-30,SPY,16908000,Unknown
2021-09-30,STOR,782018000,Unknown
2021-09-30,TEVA,416768000,Healthcare
2021-09-30,TMUS,669718000,Communication Services
2021-09-30,UPS,10817000,Industrials
2021-09-30,USB,7514279000,Financial Services
2021-09-30,V,2130038000,Financial Services
2021-09-30,VOO,16959000,Unknown
2021-09-30,VRSN,2627329000,Technology
2021-09-30,VZ,8578115000,Communication Services
2021-09-30,WFC,31329000,Financial Services
2021-12-31,AAPL,157528660000,Technology
2021-12-31,ABBV,410744000,Healthcare
2021-12-31,AMZN,1778204000,Consumer Cyclical
2021-12-31,AON,1321261000,Financial Services
2021-12-31,ATVI,975205000,Unknown
2021-12-31,AXP,24803511000,Financial Services
2021-12-31,BAC,44939376000,Financial Services
2021-12-31,BK,4202522000,Financial Services
2021-12-31,BMY,324387000,Healthcare
2021-12-31,CHTR,2496355000,Communication Services
2021-12-31,CVX,4488055000,Energy
2021-12-31,DVA,4106232000,Healthcare
2021-12-31,FND,109691000,Consumer Cyclical
2021-12-31,FWONK,133989000,Communication Services
2021-12-31,GL,595471000,Financial Services
2021-12-31,GM,3517800000,Consumer Cyclical
2021-12-31,JNJ,55957000,Healthcare
2021-12-31,KHC,11690290000,Consumer Defensive
2021-12-31,KO,23684001000,Consumer Defensive
2021-12-31,KR,2779549000,Consumer Defensive
2021-12-31,LILA,30675000,Communication Services
2021-12-31,LILAK,14638000,Communication Services
2021-12-31,LSXMA,1027561000,Unknown
2021-12-31,LSXMK,2197142000,Unknown
2021-12-31,MA,1432482000,Financial Services
2021-12-31,MCO,9635522000,Financial Services
2021-12-31,MDLZ,38327000,Consumer Defensive
2021-12-31,MMC,70382000,Financial Services
2021-12-31,PG,51593000,Consumer Defensive
2021-12-31,RH,973561000,Consumer Cyclical
2021-12-31,RPRX,344633000,Healthcare
2021-12-31,SNOW,2074971000,Technology
2021-12-31,SPY,18713000,Unknown
2021-12-31,STOR,839882000,Unknown
2021-12-31,TMUS,607968000,Communication Services
2021-12-31,UPS,12732000,Industrials
2021-12-31,USB,7100894000,Financial Services
2021-12-31,V,1798143000,Financial Services
2021-12-31,VOO,18773000,Unknown
2021-12-31,VRSN,3252859000,Technology
2021-12-31,VZ,8252525000,Communication Services
2021-12-31,WFC,32389000,Financial Services
2022-03-31,AAPL,155564138000,Technology
2022-03-31,ALLY,389990000,Financial Services
2022-03-31,AMZN,1738531000,Consumer Cyclical
2022-03-31,AON,1431470000,Financial Services
2022-03-31,ATVI,5152292000,Unknown
2022-03-31,AXP,28351201000,Financial Services
2022-03-31,BAC,41636348000,Financial Services
2022-03-31,BK,3591100000,Financial Services
2022-03-31,C,2945319000,Financial Services
2022-03-31,CE,1125958000,Basic Materials
2022-03-31,CHTR,2088764000,Communication Services
2022-03-31,CVX,25918973000,Energy
2022-03-31,DVA,4082770000,Healthcare
2022-03-31,FND,387180000,Consumer Cyclical
2022-03-31,FWONK,539336000,Communication Services
2022-03-31,GL,639185000,Financial Services
2022-03-31,GM,2713886000,Consumer Cyclical
2022-03-31,HPQ,3792480000,Technology
2022-03-31,JNJ,57972000,Healthcare
2022-03-31,KHC,12826755000,Consumer Defensive
2022-03-31,KO,24799999000,Consumer Defensive
2022-03-31,KR,3326615000,Consumer Defensive
2022-03-31,LILA,25518000,Communication Services
2022-03-31,LILAK,12314000,Communication Services
2022-03-31,LSXMA,923692000,Unknown
2022-03-31,LSXMK,1975915000,Unknown
2022-03-31,MA,1424748000,Financial Services
2022-03-31,MCK,894504000,Healthcare
2022-03-31,MCO,8323829000,Financial Services
2022-03-31,MDLZ,36287000,Consumer Defensive
2022-03-31,MKL,620034000,Financial Services
2022-03-31,MMC,69005000,Financial Services
2022-03-31,OXY,7737804000,Energy
2022-03-31,PARA,2606915000,Communication Services
2022-03-31,PG,48193000,Consumer Defensive
2022-03-31,RH,707615000,Consumer Cyclical
2022-03-31,RPRX,58299000,Healthcare
2022-03-31,SNOW,1403507000,Technology
2022-03-31,SPY,17795000,Unknown
2022-03-31,STOR,431283000,Unknown
2022-03-31,TMUS,672811000,Communication Services
2022-03-31,UPS,12739000,Industrials
2022-03-31,USB,6719111000,Financial Services
2022-03-31,V,1840128000,Financial Services
2022-03-31,VOO,17852000,Unknown
2022-03-31,VRSN,2850961000,Technology
2022-03-31,VZ,70303000,Communication Services
2022-06-30,AAPL,122337373000,Technology
2022-06-30,ALLY,1005300000,Financial Services
2022-06-30,AMZN,1132836000,Consumer Cyclical
2022-06-30,AON,1185514000,Financial Services
2022-06-30,ATVI,5325713000,Unknown
2022-06-30,AXP,21016276000,Financial Services
2022-06-30,BAC,31444432000,Financial Services
2022-06-30,BK,3018027000,Financial Services
2022-06-30,C,2536616000,Financial Services
2022-06-30,CE,1076922000,Basic Materials
2022-06-30,CHTR,1793974000,Communication Services
2022-06-30,CVX,23373304000,Energy
2022-06-30,DVA,2886202000,Healthcare
2022-06-30,FND,300949000,Consumer Cyclical
2022-06-30,FWONK,490143000,Communication Services
2022-06-30,GL,619297000,Financial Services
2022-06-30,GM,1679385000,Consumer Cyclical
2022-06-30,HPQ,3424725000,Technology
2022-06-30,JNJ,58064000,Healthcare
2022-06-30,KHC,12419712000,Consumer Defensive
2022-06-30,KO,25164000000,Consumer Defensive
2022-06-30,KR,2481858000,Consumer Defensive
2022-06-30,LILA,20520000,Communication Services
2022-06-30,LILAK,10003000,Communication Services
2022-06-30,LSXMA,728285000,Unknown
2022-06-30,LSXMK,1557660000,Unknown
2022-06-30,MA,1257708000,Financial Services
2022-06-30,MCK,1043331000,Healthcare
2022-06-30,MCO,6709439000,Financial Services
2022-06-30,MDLZ,35888000,Consumer Defensive
2022-06-30,MKL,604738000,Financial Services
2022-06-30,MMC,62862000,Financial Services
2022-06-30,OXY,9335408000,Energy
2022-06-30,PARA,1935448000,Communication Services
2022-06-30,PG,45351000,Consumer Defensive
2022-06-30,RH,460605000,Consumer Cyclical
2022-06-30,SNOW,851795000,Technology
2022-06-30,SPY,14864000,Unknown
2022-06-30,STOR,180693000,Unknown
2022-06-30,TMUS,705259000,Communication Services
2022-06-30,UPS,10843000,Industrials
2022-06-30,USB,5513432000,Financial Services
2022-06-30,V,1633687000,Financial Services
2022-06-30,VOO,14916000,Unknown
2022-06-30,VRSN,2144436000,Technology
2022-09-30,AAPL,123661679000,Technology
2022-09-30,ALLY,834901000,Financial Services
2022-09-30,AMZN,1205258000,Consumer Cyclical
2022-09-30,AON,1177556000,Financial Services
2022-09-30,ATVI,4470946000,Unknown
2022-09-30,AXP,20453800000,Financial Services
2022-09-30,BAC,30505039000,Financial Services
2022-09-30,BK,2396364000,Financial Services
2022-09-30,C,2298341000,Financial Services
2022-09-30,CE,877219000,Basic Materials
2022-09-30,CHTR,1161509000,Communication Services
2022-09-30,CVX,23757173000,Energy
2022-09-30,DVA,2987630000,Healthcare
2022-09-30,FND,335843000,Consumer Cyclical
2022-09-30,FWONK,451764000,Communication Services
2022-09-30,GL,633467000,Financial Services
2022-09-30,GM,1604500000,Consumer Cyclical
2022-09-30,HPQ,2603542000,Technology
2022-09-30,JEF,12790000,Financial Services
2022-09-30,JNJ,53435000,Healthcare
2022-09-30,KHC,10859921000,Consumer Defensive
2022-09-30,KO,22407999000,Consumer Defensive
2022-09-30,KR,2199260000,Consumer Defensive
2022-09-30,LILA,16285000,Communication Services
2022-09-30,LILAK,7897000,Communication Services
2022-09-30,LPX,296692000,Industrials
2022-09-30,LSXMA,769307000,Unknown
2022-09-30,LSXMK,1629386000,Unknown
2022-09-30,MA,1133563000,Financial Services
2022-09-30,MCK,1087021000,Healthcare
2022-09-30,MCO,5997470000,Financial Services
2022-09-30,MDLZ,31692000,Consumer Defensive
2022-09-30,MKL,506993000,Financial Services
2022-09-30,MMC,60449000,Financial Services
2022-09-30,OXY,11942909000,Energy
2022-09-30,PARA,1736763000,Communication Services
2022-09-30,PG,39819000,Consumer Defensive
2022-09-30,RH,580724000,Consumer Cyclical
2022-09-30,SNOW,1041069000,Technology
2022-09-30,SPY,14073000,Unknown
2022-09-30,TMUS,703319000,Communication Services
2022-09-30,UPS,9595000,Industrials
2022-09-30,USB,3136420000,Financial Services
2022-09-30,V,1474044000,Financial Services
2022-09-30,VOO,14117000,Unknown
2022-09-30,VRSN,2226072000,Technology
2022-12-31,AAPL,116305043218,Technology
2022-12-31,ALLY,728610001,Financial Services
2022-12-31,AMZN,895944000,Consumer Cyclical
2022-12-31,AON,1319415440,Financial Services
2022-12-31,ATVI,4035492091,Unknown
2022-12-31,AXP,22400480926,Financial Services
2022-12-31,BAC,33454532071,Financial Services
2022-12-31,BK,1141180346,Financial Services
2022-12-31,C,2494696699,Financial Services
2022-12-31,CE,992769110,Basic Materials
2022-12-31,CHTR,1298393893,Communication Services
2022-12-31,CVX,29252521137,Energy
2022-12-31,DVA,2695256212,Healthcare
2022-12-31,FND,332831400,Consumer Cyclical
2022-12-31,FWONK,461648121,Communication Services
2022-12-31,GL,765941790,Financial Services
2022-12-31,GM,1682000000,Consumer Cyclical
2022-12-31,HPQ,2807271061,Technology
2022-12-31,JEF,14862368,Financial Services
2022-12-31,JNJ,57782215,Healthcare
2022-12-31,KHC,13256593441,Consumer Defensive
2022-12-31,KO,25444000000,Consumer Defensive
2022-12-31,KR,2229000000,Consumer Defensive
2022-12-31,LILA,19809864,Communication Services
2022-12-31,LILAK,9758552,Communication Services
2022-12-31,LPX,417058613,Industrials
2022-12-31,LSXMA,794363900,Unknown
2022-12-31,LSXMK,1690740426,Unknown
2022-12-31,MA,1386277109,Financial Services
2022-12-31,MCK,1071160412,Healthcare
2022-12-31,MCO,6873493546,Financial Services
2022-12-31,MDLZ,38523700,Consumer Defensive
2022-12-31,MKL,616072818,Financial Services
2022-12-31,MMC,67004672,Financial Services
2022-12-31,NU,435973451,Financial Services
2022-12-31,OXY,12242210434,Energy
2022-12-31,PARA,1580595750,Communication Services
2022-12-31,PG,47802024,Consumer Defensive
2022-12-31,RH,630568400,Consumer Cyclical
2022-12-31,SNOW,879236471,Technology
2022-12-31,SPY,15067742,Unknown
2022-12-31,STNE,100965029,Technology
2022-12-31,TMUS,733880000,Communication Services
2022-12-31,TSM,617725010,Technology
2022-12-31,UPS,10326096,Industrials
2022-12-31,USB,290915115,Financial Services
2022-12-31,V,1723880290,Financial Services
2022-12-31,VOO,15107620,Unknown
2022-12-31,VRSN,2632839535,Technology
2023-03-31,AAPL,150975906991,Technology
2023-03-31,ALLY,739210001,Financial Services
2023-03-31,AMZN,1089812790,Consumer Cyclical
2023-03-31,AON,1366782150,Financial Services
2023-03-31,ATVI,4231550856,Unknown
2023-03-31,AXP,25008184965,Financial Services
2023-03-31,BAC,29539567372,Financial Services
2023-03-31,C,2590428532,Financial Services
2023-03-31,CE,960302652,Basic Materials
2023-03-31,CHTR,1369267591,Communication Services
2023-03-31,COF,954099520,Financial Services
2023-03-31,CVX,21603623200,Energy
2023-03-31,DEO,41263745,Consumer Defensive
2023-03-31,DVA,2927711683,Healthcare
2023-03-31,FND,469491600,Consumer Cyclical
2023-03-31,FWONK,577871009,Communication Services
2023-03-31,GL,699037045,Financial Services
2023-03-31,GM,1467200000,Consumer Cyclical
2023-03-31,HPQ,3549965209,Technology
2023-03-31,JEF,13761131,Financial Services
2023-03-31,JNJ,50700500,Healthcare
2023-03-31,KHC,12592298412,Consumer Defensive
2023-03-31,KO,24812000000,Consumer Defensive
2023-03-31,KR,2468499999,Consumer Defensive
2023-03-31,LILA,21861881,Communication Services
2023-03-31,LILAK,10606005,Communication Services
2023-03-31,LPX,381904517,Industrials
2023-03-31,LSXMA,567633731,Unknown
2023-03-31,LSXMK,1209400065,Unknown
2023-03-31,MA,1448787750,Financial Services
2023-03-31,MCK,815306077,Healthcare
2023-03-31,MCO,7549445464,Financial Services
2023-03-31,MDLZ,40298160,Consumer Defensive
2023-03-31,MKL,602504481,Financial Services
2023-03-31,MMC,67437927,Financial Services
2023-03-31,NU,509885412,Financial Services
2023-03-31,OXY,13216875439,Energy
2023-03-31,PARA,2091138052,Communication Services
2023-03-31,PG,46896826,Consumer Defensive
2023-03-31,SNOW,945084263,Technology
2023-03-31,SPY,16129966,Unknown
2023-03-31,STNE,102034574,Technology
2023-03-31,TMUS,759251280,Communication Services
2023-03-31,UPS,11523006,Industrials
2023-03-31,V,1870745332,Financial Services
2023-03-31,VOO,16171010,Unknown
2023-03-31,VRSN,2708323496,Technology
2023-03-31,VTS,971025,Energy
2023-06-30,AAPL,177591247296,Technology
2023-06-30,ALLY,783290001,Financial Services
2023-06-30,AMZN,1375428360,Consumer Cyclical
2023-06-30,AON,1496442000,Financial Services
2023-06-30,ATVI,1235679601,Unknown
2023-06-30,AXP,26410583940,Financial Services
2023-06-30,BAC,29632524052,Financial Services
2023-06-30,C,2543470454,Financial Services
2023-06-30,CE,620518352,Basic Materials
2023-06-30,CHTR,1406638055,Communication Services
2023-06-30,COF,1363956551,Financial Services
2023-06-30,CVX,19372950883,Energy
2023-06-30,DEO,39510070,Consumer Defensive
2023-06-30,DHI,726454496,Consumer Cyclical
2023-06-30,DVA,3626521918,Healthcare
2023-06-30,FND,496928800,Consumer Cyclical
2023-06-30,FWONK,581346111,Communication Services
2023-06-30,GL,275757222,Financial Services
2023-06-30,GM,848320000,Consumer Cyclical
2023-06-30,HPQ,3714461041,Technology
2023-06-30,JEF,14381119,Financial Services
2023-06-30,JNJ,54141592,Healthcare
2023-06-30,KHC,11560036039,Consumer Defensive
2023-06-30,KO,24088000000,Consumer Defensive
2023-06-30,KR,2350000000,Consumer Defensive
2023-06-30,LEN.B,17237585,Unknown
2023-06-30,LILA,23019430,Communication Services
2023-06-30,LILAK,11068252,Communication Services
2023-06-30,LPX,528227277,Industrials
2023-06-30,LSXMA,663013981,Unknown
2023-06-30,LSXMK,1414207364,Unknown
2023-06-30,MA,1567948658,Financial Services
2023-06-30,MCO,8578175206,Financial Services
2023-06-30,MDLZ,42159320,Consumer Defensive
2023-06-30,MKL,652392063,Financial Services
2023-06-30,NU,845167206,Financial Services
2023-06-30,NVR,70568089,Consumer Cyclical
2023-06-30,OXY,13178796490,Energy
2023-06-30,PARA,1491259813,Communication Services
2023-06-30,PG,47858796,Consumer Defensive
2023-06-30,SNOW,1077943668,Technology
2023-06-30,SPY,17465232,Unknown
2023-06-30,STNE,136260008,Technology
2023-06-30,TMUS,728113800,Communication Services
2023-06-30,UPS,10647450,Industrials
2023-06-30,V,1970480801,Financial Services
2023-06-30,VOO,17513040,Unknown
2023-06-30,VRSN,2895944070,Technology
2023-09-30,AAPL,156753093002,Technology
2023-09-30,ALLY,773720000,Financial Services
2023-09-30,AMZN,1271200000,Consumer Cyclical
2023-09-30,AON,1329302000,Financial Services
2023-09-30,AXP,22618800333,Financial Services
2023-09-30,BAC,28279487924,Financial Services
2023-09-30,BATRK,7990835,Communication Services
2023-09-30,C,2272218501,Financial Services
2023-09-30,CB,1695320075,Financial Services
2023-09-30,CHTR,1684044831,Communication Services
2023-09-30,COF,1210313462,Financial Services
2023-09-30,CVX,18590066491,Energy
2023-09-30,DEO,33975745,Consumer Defensive
2023-09-30,DHI,641565163,Consumer Cyclical
2023-09-30,DVA,3412114232,Healthcare
2023-09-30,FND,432590000,Consumer Cyclical
2023-09-30,FWONK,481108697,Communication Services
2023-09-30,GL,90356152,Financial Services
2023-09-30,HPQ,2634739200,Technology
2023-09-30,JEF,15881230,Financial Services
2023-09-30,KHC,10954355278,Consumer Defensive
2023-09-30,KO,22392000000,Consumer Defensive
2023-09-30,KR,2237500000,Consumer Defensive
2023-09-30,LEN.B,15597436,Unknown
2023-09-30,LILA,21467263,Communication Services
2023-09-30,LILAK,10477603,Communication Services
2023-09-30,LLYVA,161257223,Communication Services
2023-09-30,LLYVK,357356140,Communication Services
2023-09-30,LPX,389372120,Industrials
2023-09-30,LSXMA,514285456,Unknown
2023-09-30,LSXMK,1100083089,Unknown
2023-09-30,MA,1578353810,Financial Services
2023-09-30,MCO,7799843711,Financial Services
2023-09-30,MKL,233706251,Financial Services
2023-09-30,NU,776611184,Financial Services
2023-09-30,NVR,66264190,Consumer Cyclical
2023-09-30,OXY,14541501977,Energy
2023-09-30,PARA,1209129578,Communication Services
2023-09-30,SIRI,43768172,Communication Services
2023-09-30,SNOW,935773692,Technology
2023-09-30,SPY,16842712,Unknown
2023-09-30,STNE,114120430,Technology
2023-09-30,TMUS,734142100,Communication Services
2023-09-30,V,1908498775,Financial Services
2023-09-30,VOO,16886100,Unknown
2023-09-30,VRSN,2595546101,Technology
2023-12-31,AAPL,174347466800,Technology
2023-12-31,ALLY,1012680000,Financial Services
2023-12-31,AMZN,1519400000,Consumer Cyclical
2023-12-31,AON,1193182000,Financial Services
2023-12-31,AXP,28402748537,Financial Services
2023-12-31,BAC,34776127042,Financial Services
2023-12-31,BATRK,8851870,Communication Services
2023-12-31,C,2841792358,Financial Services
2023-12-31,CB,4542600000,Financial Services
2023-12-31,CHTR,1488232788,Communication Services
2023-12-31,COF,1635201454,Financial Services
2023-12-31,CVX,18808080506,Energy
2023-12-31,DEO,33174065,Consumer Defensive
2023-12-31,DVA,3781371913,Healthcare
2023-12-31,FND,533256800,Consumer Cyclical
2023-12-31,FWONK,487518332,Communication Services
2023-12-31,HPQ,687638195,Technology
2023-12-31,JEF,17520079,Financial Services
2023-12-31,KHC,12041975570,Consumer Defensive
2023-12-31,KO,23572000000,Consumer Defensive
2023-12-31,KR,2285500000,Consumer Defensive
2023-12-31,LEN.B,20452277,Unknown
2023-12-31,LILA,19231089,Communication Services
2023-12-31,LILAK,9424707,Communication Services
2023-12-31,LLYVA,184647602,Communication Services
2023-12-31,LLYVK,416247540,Communication Services
2023-12-31,LPX,498990904,Industrials
2023-12-31,LSXMA,580768723,Unknown
2023-12-31,LSXMK,1243534615,Unknown
2023-12-31,MA,1700345238,Financial Services
2023-12-31,MCO,9635028496,Financial Services
2023-12-31,NU,892299471,Financial Services
2023-12-31,NVR,77789000,Consumer Cyclical
2023-12-31,OXY,14552270657,Energy
2023-12-31,PARA,936539643,Communication Services
2023-12-31,SIRI,220129527,Communication Services
2023-12-31,SNOW,1218949824,Technology
2023-12-31,SPY,18727214,Unknown
2023-12-31,TMUS,840449860,Communication Services
2023-12-31,V,2160243711,Financial Services
2023-12-31,VOO,18782400,Unknown
2023-12-31,VRSN,2639503654,Technology
2024-03-31,AAPL,135360901805,Technology
2024-03-31,ALLY,1177110000,Financial Services
2024-03-31,AMZN,1803800000,Consumer Cyclical
2024-03-31,AON,1368252000,Financial Services
2024-03-31,AXP,34520240283,Financial Services
2024-03-31,BAC,39165748068,Financial Services
2024-03-31,BATRK,8735574,Communication Services
2024-03-31,C,3493680962,Financial Services
2024-03-31,CB,6717644659,Financial Services
2024-03-31,CHTR,1112805123,Communication Services
2024-03-31,COF,1856811657,Financial Services
2024-03-31,CVX,19398897853,Energy
2024-03-31,DEO,33875535,Consumer Defensive
2024-03-31,DVA,4982993438,Healthcare
2024-03-31,FND,619583600,Consumer Cyclical
2024-03-31,FWONK,506592786,Communication Services
2024-03-31,JEF,19119908,Financial Services
2024-03-31,KHC,12015924784,Consumer Defensive
2024-03-31,KO,24472000000,Consumer Defensive
2024-03-31,KR,2856500000,Consumer Defensive
2024-03-31,LEN.B,23523551,Unknown
2024-03-31,LILA,18336620,Communication Services
2024-03-31,LILAK,8975300,Communication Services
2024-03-31,LLYVA,213948727,Communication Services
2024-03-31,LLYVK,487830094,Communication Services
2024-03-31,LPX,553633733,Industrials
2024-03-31,LSXMA,972842033,Unknown
2024-03-31,LSXMK,1945597617,Unknown
2024-03-31,MA,1919850077,Financial Services
2024-03-31,MCO,9695962848,Financial Services
2024-03-31,NU,1277927093,Financial Services
2024-03-31,NVR,90006756,Consumer Cyclical
2024-03-31,OXY,16118698139,Energy
2024-03-31,PARA,88648874,Communication Services
2024-03-31,SIRI,142325819,Communication Services
2024-03-31,SNOW,989860762,Technology
2024-03-31,SPY,20608958,Unknown
2024-03-31,TMUS,855599240,Communication Services
2024-03-31,V,2315655137,Financial Services
2024-03-31,VOO,20670100,Unknown
2024-03-31,VRSN,2428686819,Technology
2024-06-30,AAPL,84248000000,Technology
2024-06-30,ALLY,1150430000,Financial Services
2024-06-30,AMZN,1932500000,Consumer Cyclical
2024-06-30,AON,1203678000,Financial Services
2024-06-30,AXP,35105457585,Financial Services
2024-06-30,BAC,41076524279,Financial Services
2024-06-30,BATRK,8820558,Communication Services
2024-06-30,C,3505834818,Financial Services
2024-06-30,CB,6895777623,Financial Services
2024-06-30,CHTR,1144700201,Communication Services
2024-06-30,COF,1359447750,Financial Services
2024-06-30,CVX,18553059728,Energy
2024-06-30,DEO,28714720,Consumer Defensive
2024-06-30,DVA,5001763135,Healthcare
2024-06-30,FND,395440057,Consumer Cyclical
2024-06-30,FWONK,554780880,Communication Services
2024-06-30,HEI.A,185373840,Unknown
2024-06-30,JEF,21573846,Financial Services
2024-06-30,KHC,10491953836,Consumer Defensive
2024-06-30,KO,25460000000,Consumer Defensive
2024-06-30,KR,2496500001,Consumer Defensive
2024-06-30,LEN.B,21273114,Unknown
2024-06-30,LILA,25281911,Communication Services
2024-06-30,LILAK,12352272,Communication Services
2024-06-30,LLYVA,187046916,Communication Services
2024-06-30,LLYVK,417818885,Communication Services
2024-06-30,LPX,491081408,Industrials
2024-06-30,LSXMA,779286152,Unknown
2024-06-30,LSXMK,1551264198,Unknown
2024-06-30,MA,1758749632,Financial Services
2024-06-30,MCO,10384249654,Financial Services
2024-06-30,NU,1380761126,Financial Services
2024-06-30,NVR,84324079,Consumer Cyclical
2024-06-30,OXY,16090394458,Energy
2024-06-30,SIRI,376045343,Communication Services
2024-06-30,SPY,21442268,Unknown
2024-06-30,TMUS,823112960,Communication Services
2024-06-30,ULTA,266291202,Consumer Cyclical
2024-06-30,V,2177834326,Financial Services
2024-06-30,VOO,21505590,Unknown
2024-06-30,VRSN,2278615992,Technology
2024-09-30,AAPL,69900000000,Technology
2024-09-30,ALLY,1032110000,Financial Services
2024-09-30,AMZN,1863300000,Consumer Cyclical
2024-09-30,AON,1418559000,Financial Services
2024-09-30,AXP,41116821840,Financial Services
2024-09-30,BAC,31652073622,Financial Services
2024-09-30,BATRK,8901072,Communication Services
2024-09-30,C,3458324292,Financial Services
2024-09-30,CB,7796272968,Financial Services
2024-09-30,CHTR,914514546,Communication Services
2024-09-30,COF,1362543000,Financial Services
2024-09-30,CVX,17467773342,Energy
2024-09-30,DEO,31962435,Consumer Defensive
2024-09-30,DPZ,549398896,Consumer Cyclical
2024-09-30,DVA,5917146790,Healthcare
2024-09-30,FWONK,597949381,Communication Services
2024-09-30,HEI.A,213884223,Unknown
2024-09-30,JEF,26685495,Financial Services
2024-09-30,KHC,11433038460,Consumer Defensive
2024-09-30,KO,28744000000,Consumer Defensive
2024-09-30,KR,2865000000,Consumer Defensive
2024-09-30,LEN.B,26385802,Unknown
2024-09-30,LILA,25202987,Communication Services
2024-09-30,LILAK,12185350,Communication Services
2024-09-30,LLYVA,246885972,Communication Services
2024-09-30,LLYVK,560403539,Communication Services
2024-09-30,LPX,640976656,Industrials
2024-09-30,MA,1968606782,Financial Services
2024-09-30,MCO,11708029942,Financial Services
2024-09-30,NU,1179892309,Financial Services
2024-09-30,NVR,109028722,Consumer Cyclical
2024-09-30,OXY,13157209747,Energy
2024-09-30,POOL,152248678,Industrials
2024-09-30,SIRI,2486916437,Communication Services
2024-09-30,SPY,22606144,Unknown
2024-09-30,TMUS,964113920,Communication Services
2024-09-30,ULTA,9417871,Consumer Cyclical
2024-09-30,V,2281386627,Financial Services
2024-09-30,VOO,22689810,Unknown
2024-09-30,VRSN,2434453846,Technology
2024-12-31,AAPL,75126000000,Technology
2024-12-31,ALLY,1044290001,Financial Services
2024-12-31,AMZN,2193900000,Consumer Cyclical
2024-12-31,AON,1472556000,Financial Services
2024-12-31,AXP,44996539653,Financial Services
2024-12-31,BAC,29896266149,Financial Services
2024-12-31,BATRK,8556657,Communication Services
2024-12-31,C,1030474546,Financial Services
2024-12-31,CB,7469434519,Financial Services
2024-12-31,CHTR,682715232,Communication Services
2024-12-31,COF,1328484000,Financial Services
2024-12-31,CVX,17179549745,Energy
2024-12-31,DEO,28953858,Consumer Defensive
2024-12-31,DPZ,999868320,Consumer Cyclical
2024-12-31,DVA,5398092493,Healthcare
2024-12-31,FWONK,630214018,Communication Services
2024-12-31,HEI.A,195325757,Unknown
2024-12-31,JEF,33990947,Financial Services
2024-12-31,KHC,10000245261,Consumer Defensive
2024-12-31,KO,24904000000,Consumer Defensive
2024-12-31,KR,3057500001,Consumer Defensive
2024-12-31,LEN.B,20162390,Unknown
2024-12-31,LILA,16731838,Communication Services
2024-12-31,LILAK,8140687,Communication Services
2024-12-31,LLYVA,331907297,Communication Services
2024-12-31,LLYVK,743056007,Communication Services
2024-12-31,LPX,586589315,Industrials
2024-12-31,MA,2099249237,Financial Services
2024-12-31,MCO,11677932812,Financial Services
2024-12-31,NU,416266540,Financial Services
2024-12-31,NVR,90883937,Consumer Cyclical
2024-12-31,OXY,13053055436,Energy
2024-12-31,POOL,204117028,Industrials
2024-12-31,SIRI,2678283465,Communication Services
2024-12-31,STZ,1242975604,Consumer Defensive
2024-12-31,TMUS,960175500,Communication Services
2024-12-31,V,2622329258,Financial Services
2024-12-31,VRSN,2746660741,Technology
